brand_key,brand,locations,raw_name_variants,sample_raw_names,tier
DUNKIN,Dunkin,614,53,DUNKIN' | DUNKIN/MARCHI FERRY BOAT TAVERN | DUNKIN/SPIRIT OF AMERICA SI FERRY | DUNKIN DONUTS,big_chain
STARBUCKS,Starbucks,261,58,STARBUCKS | STARBUCKS COFFEE | STARBUCKS COFFEE # 26528 | STARBUCKS #54446,big_chain
MCDONALDS,Mcdonald's,186,10,MCDONALDS | McDonald's | MCDONALD'S | MCDONALD'S #11112,big_chain
SUBWAY,Subway,165,4,SUBWAY | SUBWAY #12608 | SUBWAY #62918 | SUBWAY #47857,big_chain
CHIPOTLE MEXICAN GRILL,Chipotle Mexican Grill,126,38,CHIPOTLE MEXICAN GRILL #4927 | CHIPOTLE MEXICAN GRILL #5776 | CHIPOTLE MEXICAN GRILL #4677 | CHIPOTLE MEXICAN GRILL #5996,big_chain
POPEYES,Popeyes,120,3,POPEYES | POPEYE'S | POPEYES #6091,big_chain
DOMINOS,Domino's,83,4,DOMINO'S | DOMINOS | Dominos | DOMINO'S (#3321),big_chain
KENNEDY FRIED CHICKEN,Kennedy Fried Chicken,70,2,KENNEDY FRIED CHICKEN | Kennedy Fried Chicken,big_chain
TACO BELL,Taco Bell,69,1,TACO BELL,big_chain
BURGER KING,Burger King,64,3,BURGER KING | Burger King | BURGER KING #27012,big_chain
WENDYS,Wendy's,56,3,WENDY'S | WENDYS | WENDY'S #108,big_chain
CARVEL,Carvel,48,7,CARVEL | CARVEL 1939 | CARVEL # 1429 | CARVEL 102664,big_chain
WINGSTOP,Wingstop,46,3,WINGSTOP | Wingstop | WingStop,big_chain
JUST SALAD,Just Salad,42,1,JUST SALAD,big_chain
SWEETGREEN,Sweetgreen,40,1,SWEETGREEN,big_chain
PARIS BAGUETTE,Paris Baguette,40,1,PARIS BAGUETTE,big_chain
BLANK STREET,Blank Street Coffee,40,3,BLANK STREET | BLANK STREET INC. | BLANK STREET COFFEE,big_chain
PRET A MANGER,Pret A Manger,37,2,PRET A MANGER | PRET-A-MANGER,big_chain
VAN LEEUWEN ICE CREAM,Van Leeuwen Ice Cream,35,2,VAN LEEUWEN ICE CREAM | VAN LEEUWEN ICE CREAM LLC,big_chain
SHAKE SHACK,Shake Shack,33,7,SHAKE SHACK | SHAKE SHACK #1646 | SHAKE SHACK #1340 | SHAKE SHACK #1688,big_chain
CROWN FRIED CHICKEN,Crown Fried Chicken,33,1,CROWN FRIED CHICKEN,big_chain
GOLDEN KRUST CARIBBEAN BAKERY AND GRILL,Golden Krust Caribbean Bakery & Grill,33,1,GOLDEN KRUST CARIBBEAN BAKERY & GRILL,big_chain
CHICK FIL A,Chick-fil-a,33,3,CHICK-FIL-A | Chick-fil-A | CHICK FIL A,big_chain
GONG CHA,Gong Cha,32,1,GONG CHA,big_chain
KFC,Kfc,31,1,KFC,big_chain
PAPA JOHNS,Papa John's,31,1,PAPA JOHN'S,big_chain
JOE AND THE JUICE,Joe & The Juice,30,1,JOE & THE JUICE,big_chain
WONDER,Wonder,29,1,WONDER,chain
LITTLE CAESARS,Little Caesars,29,1,LITTLE CAESARS,chain
NAYA,Naya,28,1,NAYA,chain
BAYA BAR,Baya Bar,26,1,BAYA BAR,chain
PIZZA HUT,Pizza Hut,26,1,PIZZA HUT,chain
IHOP,Ihop,25,4,IHOP | IHOP#3715 | IHOP#3790 | IHOP#4691,chain
POPEYES LOUISIANA KITCHEN,Popeyes Louisiana Kitchen,25,3,POPEYES LOUISIANA KITCHEN | Popeyes Louisiana Kitchen | POPEYE'S LOUISIANA KITCHEN,chain
LE PAIN QUOTIDIEN,Le Pain Quotidien,25,1,LE PAIN QUOTIDIEN,chain
CHOPT,Chop't,24,2,CHOP'T | CHOPT,chain
PLAYA BOWLS,Playa Bowls,24,1,PLAYA BOWLS,chain
EARTHBAR,Earthbar,24,1,EARTHBAR,chain
KUNG FU TEA,Kung Fu Tea,24,1,KUNG FU TEA,chain
PANERA BREAD,Panera Bread,23,9,PANERA BREAD | PANERA BREAD #9331 | PANERA BREAD #9330 | PANERA BREAD #6366,chain
7TH STREET BURGER,7th Street Burger,23,1,7TH STREET BURGER,chain
PAPA JOHNS PIZZA,Papa John's Pizza,23,2,PAPA JOHN'S PIZZA | PAPA JOHNS PIZZA,chain
TERIYAKI ONE,Teriyaki One,22,1,TERIYAKI ONE,chain
XIAN FAMOUS FOODS,Xi'an Famous Foods,22,1,XI'AN FAMOUS FOODS,chain
MAMAN,Maman,22,1,MAMAN,chain
WHITE CASTLE,White Castle,21,1,WHITE CASTLE,chain
LUCKIN COFFEE,Luckin Coffee,20,1,LUCKIN COFFEE,chain
HALAL MUNCHIES,Halal Munchies,19,1,HALAL MUNCHIES,chain
GREGORYS COFFEE,Gregorys Coffee,19,2,GREGORY'S COFFEE | GREGORYS COFFEE,chain
INSOMNIA COOKIES,Insomnia Cookies,19,1,INSOMNIA COOKIES,chain
PANDA EXPRESS,Panda Express,19,6,PANDA EXPRESS | PANDA EXPRESS # 2792 | PANDA EXPRESS #2614 | PANDA EXPRESS #2622,chain
JUICE GENERATION,Juice Generation,18,1,JUICE GENERATION,chain
CHIP CITY,Chip City,18,1,CHIP CITY,chain
787 COFFEE,787 Coffee,18,1,787 COFFEE,chain
BLUE BOTTLE COFFEE,Blue Bottle Coffee,18,1,BLUE BOTTLE COFFEE,chain
CAFE,Cafe 101,18,16,CAFE 424 | CAFE 52 | CAFE 101 | CAFE 57,chain
DIG INN,Dig Inn,17,1,DIG INN,chain
TEXAS CHICKEN AND BURGERS,Texas Chicken & Burgers,17,2,TEXAS CHICKEN AND BURGERS | TEXAS CHICKEN & BURGERS,chain
CHECKERS,Checkers,16,2,CHECKERS | CHECKER'S,chain
COLD STONE CREAMERY,Cold Stone Creamery,16,1,COLD STONE CREAMERY,chain
LITTLE ITALY PIZZA,Little Italy Pizza,16,1,LITTLE ITALY PIZZA,chain
POKE BOWL,Poke Bowl,16,3,POKE BOWL 86 INC. | POKE BOWL | POKE BOWL 101,chain
VIVI BUBBLE TEA,Vivi Bubble Tea,16,1,VIVI BUBBLE TEA,chain
LE CAFE COFFEE,Le Cafe Coffee,15,1,LE CAFE COFFEE,chain
HEYTEA,Heytea,15,1,HEYTEA,chain
CAVA,Cava,15,1,CAVA,chain
FAY DA BAKERY,Fay Da Bakery,14,2,FAY DA BAKERY | Fay Da Bakery,chain
JERSEY MIKES,Jersey Mike's,14,7,Jersey Mike's | JERSEY MIKE'S 34140 | JERSEY MIKE'S | JERSEY MIKE'S #34068,chain
BLUESTONE LANE,Bluestone Lane,14,1,BLUESTONE LANE,chain
BUFFALO WILD WINGS GO,Buffalo Wild Wings Go,14,1,BUFFALO WILD WINGS GO,chain
HOMEMADE TAQUERIA,Homemade Taqueria,13,1,HOMEMADE TAQUERIA,chain
GUAC TIME,Guac Time,13,1,GUAC TIME,chain
HAAGEN DAZS,Haagen-dazs,13,3,HAAGEN-DAZS | HAAGEN DAZS | HAAGEN-DAZS #1424,chain
LENWICH,Lenwich,13,1,LENWICH,chain
STAND,Stand 107,13,13,STAND 107 | STAND 331 | STAND 217 | STAND 232,chain
RAISING CANES,Raising Cane's,13,9,RAISING CANE'S | RAISING CANE'S 980 | RAISING CANES #888 | RAISING CANE'S #1202,chain
ADOBO MEXICAN GRILL,Adobo Mexican Grill,12,1,ADOBO MEXICAN GRILL,chain
BIRCH COFFEE,Birch Coffee,12,1,BIRCH COFFEE,chain
SPRINGBONE KITCHEN,Springbone Kitchen,12,1,SPRINGBONE KITCHEN,chain
TEXS CHICKEN AND BURGERS,Tex's Chicken & Burgers,12,1,TEX'S CHICKEN & BURGERS,chain
TOUS LES JOURS,Tous Les Jours,12,1,TOUS LES JOURS,chain
JOE COFFEE,Joe Coffee,11,1,JOE COFFEE,chain
JAMAICAN FLAVORS,Jamaican Flavors,11,1,JAMAICAN FLAVORS,chain
JOE COFFEE COMPANY,Joe Coffee Company,11,1,JOE COFFEE COMPANY,chain
JOES PIZZA,Joe's Pizza,11,1,JOE'S PIZZA,chain
THINK COFFEE,Think Coffee,11,1,THINK COFFEE,chain
SHAHS HALAL FOOD,Shah's Halal Food,11,1,SHAH'S HALAL FOOD,chain
SOBOL,Sobol,11,1,SOBOL,chain
SARKU JAPAN,Sarku Japan,11,1,SARKU JAPAN,chain
HAPPY GARDEN,Happy Garden,11,1,HAPPY GARDEN,chain
MATTO ESPRESSO,Matto Espresso,11,1,MATTO ESPRESSO,chain
AMC THEATRES,Amc Theatres,11,1,AMC THEATRES,chain
TACOMBI,Tacombi,10,1,TACOMBI,chain
SMASHBURGER,Smashburger,10,5,SMASHBURGER | SMASHBURGER #1712 | SMASHBURGER #1743 | SMASHBURGER #1714,chain
LOS TACOS NO,Los Tacos No.1,10,4,LOS TACOS No. 1 | LOS TACOS NO 1 | LOS TACOS NO. 1 | LOS TACOS NO.1,chain
DOS TOROS,Dos Toros,10,1,DOS TOROS,chain
AUNTIE ANNES PRETZELS,Auntie Anne's Pretzels,10,1,AUNTIE ANNE'S PRETZELS,chain
SOPHIES CUBAN CUISINE,Sophie's Cuban Cuisine,10,2,SOPHIE'S CUBAN CUISINE | SOPHIES CUBAN CUISINE,chain
WESTVILLE,Westville,10,1,WESTVILLE,chain
KRISPY KREME DOUGHNUTS,Krispy Kreme Doughnuts,10,1,KRISPY KREME DOUGHNUTS,chain
SERAFINA,Serafina,10,2,SERAFINA | SERAFINA 105,chain
375 CHICKEN N FRIES,375 Chicken 'n Fries,10,4,375 CHICKEN N FRIES | 375 CHICKEN 'N FRIES | 375 CHICKEN N' FRIES | 375° CHICKEN 'N FRIES,chain
POTBELLY,Potbelly,10,1,POTBELLY,chain
BAREBURGER,Bareburger,10,2,BAREBURGER | Bareburger,chain
CHAMPION PIZZA,Champion Pizza,10,1,CHAMPION PIZZA,chain
VARIETY COFFEE ROASTERS,Variety Coffee Roasters,10,1,VARIETY COFFEE ROASTERS,chain
FIVE GUYS,Five Guys,10,1,FIVE GUYS,chain
LUKES LOBSTER,Luke's Lobster,10,1,LUKE'S LOBSTER,chain
BAR,Bar,10,10,BAR 13 | BAR | BAR 42 | BAR 360,chain
GNOCCHI ON 9TH,Gnocchi On 9th,10,1,GNOCCHI ON 9TH,chain
CHINA KING,China King,10,1,CHINA KING,chain
ATOMIC WINGS,Atomic Wings,9,1,ATOMIC WINGS,mini_chain
MATCHAFUL,Matchaful,9,1,MATCHAFUL,mini_chain
UNIT,Unit 1,9,9,UNIT 8 | UNIT 1 | UNIT 7 | UNIT 5,mini_chain
OASIS CAFE,The Oasis Cafe,9,2,OASIS CAFE | THE OASIS CAFE,mini_chain
MIKADO,Mikado,9,1,MIKADO,mini_chain
APPLEBEES NEIGHBORHOOD GRILL AND BAR,Applebees Neighborhood Grill And Bar,9,2,APPLEBEES NEIGHBORHOOD GRILL AND BAR | APPLEBEE'S NEIGHBORHOOD GRILL & BAR,mini_chain
APOLLO BAGELS,Apollo Bagels,9,1,APOLLO BAGELS,mini_chain
AB STABLE,Ab Stable,9,1,AB STABLE LLC,mini_chain
CONVENE,Convene,9,1,CONVENE,mini_chain
DALLAS BBQ,Dallas Bbq,9,1,DALLAS BBQ,mini_chain
LOS MUNCHIES,Los Munchies,9,1,LOS MUNCHIES,mini_chain
GROUND CENTRAL COFFEE COMPANY,Ground Central Coffee Company,9,1,GROUND CENTRAL COFFEE COMPANY,mini_chain
TASTE OF CHINA,Taste Of China,9,1,TASTE OF CHINA,mini_chain
DIM SUM PALACE,Dim Sum Palace,9,1,DIM SUM PALACE,mini_chain
PATSYS PIZZERIA,Patsy's Pizzeria,9,1,PATSY'S PIZZERIA,mini_chain
PHO,Pho 60,9,8,PHO 99 | PHO 39 | PHO 60 | THE PHO,mini_chain
TIGER SUGAR,Tiger Sugar,9,1,TIGER SUGAR,mini_chain
NO 1 CHINESE RESTAURANT,No. 1 Chinese Restaurant,9,3,NO 1 CHINESE RESTAURANT | NO. 1 CHINESE RESTAURANT | No.1 CHINESE RESTAURANT,mini_chain
HOT DOG CONCESSION,Hot Dog Concession,9,1,HOT DOG CONCESSION,mini_chain
CHINA WOK,China Wok,9,2,China Wok | CHINA WOK,mini_chain
BLACK SEED BAGELS,Black Seed Bagels,9,1,BLACK SEED BAGELS,mini_chain
FIVE GUYS FAMOUS BURGERS AND FRIES,Five Guys Famous Burgers And Fries,9,1,FIVE GUYS FAMOUS BURGERS AND FRIES,mini_chain
ROMA PIZZA,Roma Pizza,8,1,ROMA PIZZA,mini_chain
BREADS BAKERY,Breads Bakery,8,1,BREADS BAKERY,mini_chain
FELICE,Felice,8,4,FELICE | FELICE 83 | FELICE 56 | FELICE 64,mini_chain
JUICY KING CRAB EXPRESS,Juicy King Crab Express,8,1,JUICY KING CRAB EXPRESS,mini_chain
FIVE IRON GOLF,Five Iron Golf,8,1,FIVE IRON GOLF,mini_chain
MAGNOLIA BAKERY,Magnolia Bakery,8,1,MAGNOLIA BAKERY,mini_chain
FRESH AND,Fresh & Co,8,2,FRESH & CO | FRESH&CO,mini_chain
AUNTIE ANNES,Auntie Anne's,8,3,AUNTIE ANNE'S | AUNTIE ANNES | Auntie Anne's,mini_chain
FIVE GUYS BURGERS AND FRIES,Five Guys Burgers And Fries,8,2,FIVE GUYS BURGERS AND FRIES | FIVE GUYS BURGERS & FRIES,mini_chain
JIMBOS HAMBURGER PALACE,Jimbo's Hamburger Palace,8,1,JIMBO'S HAMBURGER PALACE,mini_chain
PINKBERRY,Pinkberry,8,1,PINKBERRY,mini_chain
JUICI PATTIES,Juici Patties,8,3,JUICI PATTIES 0108 | JUICI PATTIES | Juici Patties,mini_chain
CAFE GRUMPY,Cafe Grumpy,8,1,CAFE GRUMPY,mini_chain
LIBERTY BAGELS,Liberty Bagels,8,1,LIBERTY BAGELS,mini_chain
POLLO CAMPERO,Pollo Campero,8,1,POLLO CAMPERO,mini_chain
POP UP BAGELS,Popup Bagels,8,2,POPUP BAGELS INC | POPUP BAGELS,mini_chain
JOLLIBEE,Jollibee,8,1,JOLLIBEE,mini_chain
T SWIRL CREPE,T-swirl Crepe,8,2,T-SWIRL CREPE | T SWIRL CREPE,mini_chain
PURA VIDA MIAMI,Pura Vida Miami,8,1,PURA VIDA MIAMI,mini_chain
LA PECORA BIANCA,La Pecora Bianca,8,1,LA PECORA BIANCA,mini_chain
TROPICAL SMOOTHIE CAFE,Tropical Smoothie Cafe,8,1,TROPICAL SMOOTHIE CAFE,mini_chain
BAGEL PUB,Bagel Pub,8,1,BAGEL PUB,mini_chain
DAVES HOT CHICKEN,Dave's Hot Chicken,8,2,DAVES HOT CHICKEN | DAVE'S HOT CHICKEN,mini_chain
DAILY PROVISIONS,Daily Provisions,8,1,DAILY PROVISIONS,mini_chain
COUNTER SERVICE,Counter Service,8,1,COUNTER SERVICE,mini_chain
UNCLE LOUIE GS,Uncle Louie G's,8,1,UNCLE LOUIE G'S,mini_chain
ZUCKERS BAGELS AND SMOKED FISH,Zucker's Bagels & Smoked Fish,8,1,ZUCKER'S BAGELS & SMOKED FISH,mini_chain
INDAY,Inday,7,2,INDAY | INDAY 708,mini_chain
CRUMBL,Crumbl,7,1,CRUMBL,mini_chain
COCO FRESH TEA AND JUICE,Coco Fresh Tea & Juice,7,1,COCO FRESH TEA & JUICE,mini_chain
ALLANTICO VINAIO,All'antico Vinaio,7,2,ALL'ANTICO VINAIO | All'Antico Vinaio,mini_chain
MIZNON,Miznon,7,1,MIZNON,mini_chain
HOLY SCHNITZEL,Holy Schnitzel,7,2,HOLY SCHNITZEL | Holy Schnitzel,mini_chain
CHUCK E CHEESE,Chuck E. Cheese,7,1,CHUCK E. CHEESE,mini_chain
TIME OUT MARKET MANHATTAN,Time Out Market (manhattan),7,1,TIME OUT MARKET (MANHATTAN) LLC,mini_chain
CHRISTMAS IN NEW YORK,Christmas In New York,7,1,CHRISTMAS IN NEW YORK,mini_chain
TACO BELL CANTINA,Taco Bell Cantina,7,3,TACO BELL CANTINA | TACO BELL CANTINA #034646 | TACO BELL CANTINA #036012,mini_chain
CARIDAD RESTAURANT,Caridad Restaurant,7,1,CARIDAD RESTAURANT,mini_chain
ALIDORO,Alidoro,7,1,ALIDORO,mini_chain
WAFELS AND DINGES,Wafels & Dinges,7,1,WAFELS & DINGES,mini_chain
ZHENGXIN CHICKEN STEAK,Zhengxin Chicken Steak,7,1,ZHENGXIN CHICKEN STEAK,mini_chain
8 BIT BITES,8-bit Bites,7,2,8 BIT BITES | 8-BIT BITES,mini_chain
BONDI SUSHI,Bondi Sushi,7,2,BONDI SUSHI LLC. | BONDI SUSHI,mini_chain
ESS A BAGEL,Ess-a-bagel,7,2,ESS-A-BAGEL | ESS -A- BAGEL,mini_chain
BORA BORA,Bora Bora,7,1,BORA BORA,mini_chain
PURE GREEN,Pure Green,7,1,PURE GREEN,mini_chain
KINGS KITCHEN,King's Kitchen,7,4,KING'S KITCHEN | KINGS KITCHEN 158 | KINGS KITCHEN | KINGS KITCHEN 2051,mini_chain
RADIO CITY MUSIC HALL,Radio City Music Hall,7,1,RADIO CITY MUSIC HALL,mini_chain
KENNEDY CHICKEN,Kennedy Chicken,7,2,KENNEDY CHICKEN | Kennedy Chicken,mini_chain
LEVAIN BAKERY,Levain Bakery,7,1,LEVAIN BAKERY,mini_chain
DOMINOS PIZZA,Domino's Pizza,7,6,DOMINO'S PIZZA #3692 | DOMINO'S PIZZA #3680 | DOMINO'S PIZZA #3687 | DOMINO'S PIZZA #3685,mini_chain
CHOP AND GO,Chop & Go,7,1,CHOP & GO,mini_chain
KENNEDY CHICKEN AND PIZZA,Kennedy Chicken & Pizza,7,2,KENNEDY CHICKEN & PIZZA | KENNEDY CHICKEN AND PIZZA,mini_chain
PRINCE TEA HOUSE,Prince Tea House,7,1,PRINCE TEA HOUSE,mini_chain
FIGO IL GELATO ITALIANO,Figo Il Gelato Italiano,6,1,FIGO IL GELATO ITALIANO,mini_chain
TARTINERY,Tartinery,6,1,TARTINERY,mini_chain
U BEST BAKERY,U Best Bakery,6,1,U BEST BAKERY,mini_chain
HUNGRY GHOST,Hungry Ghost,6,1,HUNGRY GHOST,mini_chain
LUCKY STAR,Lucky Star,6,1,LUCKY STAR,mini_chain
DOS TOROS TAQUERIA,Dos Toros Taqueria,6,1,DOS TOROS TAQUERIA,mini_chain
OAKBERRY,Oakberry,6,1,OAKBERRY,mini_chain
MANGO MANGO,Mango Mango,6,1,MANGO MANGO,mini_chain
DEVOCION,Devocion,6,1,DEVOCION,mini_chain
GOOP KITCHEN,Goop Kitchen,6,1,GOOP KITCHEN,mini_chain
GOOD TASTE,Good Taste,6,3,GOOD TASTE | GOOD TASTE 666 | GOOD TASTE 360 INC,mini_chain
16 HANDLES,16 Handles,6,1,16 HANDLES,mini_chain
MARIOS PIZZA,Mario's Pizza,6,3,MARIO'S PIZZA | MARIO'S PIZZA 2 | Mario's Pizza,mini_chain
CINNABON,Cinnabon,6,2,CINNABON - | CINNABON,mini_chain
NEW CHINA,New China,6,2,NEW CHINA | NEW CHINA 3,mini_chain
MILK BAR,Milk Bar,6,1,MILK BAR,mini_chain
VENCHI,Venchi,6,1,VENCHI,mini_chain
VIN SUR VINGT,Vin Sur Vingt,6,1,VIN SUR VINGT,mini_chain
COTTI COFFEE,Cotti Coffee,6,1,COTTI COFFEE,mini_chain
COOKIES N CREAM,Cookies N' Cream,6,2,COOKIES N' CREAM | COOKIES N CREAM,mini_chain
YOYO CHICKEN,Yoyo Chicken,6,1,YOYO CHICKEN,mini_chain
ARAMARK SERVICES,Aramark Services,6,2,"ARAMARK SERVICES INC | ARAMARK SERVICES, INC",mini_chain
NAPOLI PIZZA,Napoli Pizza,6,1,NAPOLI PIZZA,mini_chain
APPLEBEES,Applebee's,6,1,APPLEBEE'S,mini_chain
UPSIDE PIZZA,Upside Pizza,6,1,UPSIDE PIZZA,mini_chain
GINOS PIZZA,Gino's Pizza,6,2,Gino's Pizza | GINO'S PIZZA,mini_chain
HOLIDAY INN EXPRESS,Holiday Inn Express,6,2,Holiday Inn Express | HOLIDAY INN EXPRESS,mini_chain
NATHANS FAMOUS,Nathan's Famous,6,1,NATHAN'S FAMOUS,mini_chain
YUMMY TACO,Yummy Taco,6,1,YUMMY TACO,mini_chain
GYRO KING,Gyro King,6,1,GYRO KING,mini_chain
POETICA COFFEE,Poetica Coffee,6,1,POETICA COFFEE,mini_chain
CARROT EXPRESS,Carrot Express,6,1,CARROT EXPRESS,mini_chain
CAPT LOUI,Cap't Loui,6,2,CAP'T LOUI | CAPT LOUI,mini_chain
JUICE PRESS,Juice Press,6,1,JUICE PRESS,mini_chain
DRAGON KING,Dragon King,6,1,DRAGON KING,mini_chain
BED STUY FISH FRY,Bed Stuy Fish Fry,6,2,BED STUY FISH FRY | BED-STUY FISH FRY,mini_chain
PIO PIO,Pio Pio,6,2,PIO PIO | PIO-PIO,mini_chain
JOOY TEA SHOPPE,Jooy Tea Shoppe,6,1,JOOY TEA SHOPPE,mini_chain
PEPPAS,Peppa's,6,1,PEPPA'S,mini_chain
PELICANA CHICKEN,Pelicana Chicken,6,1,PELICANA CHICKEN,mini_chain
PEPPAS JERK CHICKEN,Peppa's Jerk Chicken,6,1,PEPPA'S JERK CHICKEN,mini_chain
CARVEL CINNABON,Carvel / Cinnabon,6,2,CARVEL / CINNABON | CARVEL CINNABON,mini_chain
KENNEDY FRIED CHICKEN AND PIZZA,Kennedy Fried Chicken & Pizza,6,3,Kennedy Fried Chicken & Pizza | KENNEDY FRIED CHICKEN & PIZZA | Kennedy Fried Chicken and Pizza,mini_chain
KING WOK,King Wok,6,2,KING WOK | King Wok,mini_chain
EL ENCEBOLLADO DE VICTOR,El Encebollado De Victor,6,6,EL ENCEBOLLADO DE VICTOR 4 | EL ENCEBOLLADO DE VICTOR CORP | EL ENCEBOLLADO DE VICTOR 3 | EL ENCEBOLLADO DE VICTOR 2,mini_chain
EL GALLO NEGRO,El Gallo Negro,6,2,EL GALLO NEGRO | EL GALLO NEGRO 2,mini_chain
EL QUETZALITO,El Quetzalito,6,2,EL QUETZALITO 7 CORP | EL QUETZALITO,mini_chain
LADY M CONFECTIONS,Lady M Confections,6,2,"LADY M CONFECTIONS CO., LTD. | LADY M CONFECTIONS",mini_chain
BONCHON,Bonchon,6,1,BONCHON,mini_chain
FAMOUS FAMIGLIA PIZZERIA,Famous Famiglia Pizzeria,6,1,FAMOUS FAMIGLIA PIZZERIA,mini_chain
SOFT SWERVE,Soft Swerve,6,1,SOFT SWERVE,mini_chain
EL GALLO TAQUERIA,El Gallo Taqueria,6,1,EL GALLO TAQUERIA,mini_chain
EMACK AND BOLIOS,Emack & Bolio's,6,2,EMACK & BOLIO'S | EMACK & BOLIOS,mini_chain
ROKSTAR CHICKEN,Rokstar Chicken,6,1,ROKSTAR CHICKEN,mini_chain
BROAD NOSH BAGELS,Broad Nosh Bagels,6,1,BROAD NOSH BAGELS,mini_chain
BRAVO PIZZA,Bravo Pizza,6,1,BRAVO PIZZA,mini_chain
LA COLOMBE,La Colombe,6,1,LA COLOMBE,mini_chain
3 TIMES,3 Times,6,3,3 TIMES | 3 TIMES 483 INC. | 3 TIMES 38 INC.,mini_chain
WING STOP,Wing Stop,6,1,WING STOP,mini_chain
WETZELS PRETZELS,Wetzel's Pretzels,6,2,WETZEL'S PRETZELS | WETZELS PRETZELS,mini_chain
GREY DOG,The Grey Dog,6,2,THE GREY DOG | GREY DOG,mini_chain
GREAT WALL,Great Wall,6,3,GREAT WALL 168 LLC | GREAT WALL | Great Wall,mini_chain
GYU KAKU,Gyu-kaku,5,2,GYU KAKU | GYU-KAKU,mini_chain
CRISPY BURGER,Crispy Burger,5,2,CRISPY BURGER | Crispy Burger,mini_chain
SANT AMBROEUS,Sant Ambroeus,5,2,"SANT' AMBROEUS, LTD. | SANT AMBROEUS",mini_chain
ZAROS FAMILY BAKERY,Zaro's Family Bakery,5,1,ZARO'S FAMILY BAKERY,mini_chain
98K CHICKEN AND BURGERS,98k Chicken & Burgers,5,1,98K CHICKEN & BURGERS,mini_chain
EMMY SQUARED PIZZA,Emmy Squared Pizza,5,1,EMMY SQUARED PIZZA,mini_chain
KOTTI BERLINER DONER KEBAB,Kotti Berliner Doner Kebab,5,1,KOTTI BERLINER DONER KEBAB,mini_chain
PRONTO PIZZA,Pronto Pizza,5,1,PRONTO PIZZA,mini_chain
REGAL CINEMAS,Regal Cinemas,5,1,REGAL CINEMAS,mini_chain
RALPHS FAMOUS ITALIAN ICES,Ralph's Famous Italian Ices,5,1,RALPH'S FAMOUS ITALIAN ICES,mini_chain
LA PIZZA ITALIA,La Pizza Italia,5,1,LA PIZZA ITALIA,mini_chain
SERVICE BAR,Service Bar 3,5,5,SERVICE BAR 3 | SERVICE BAR 7 | SERVICE BAR-4 | SERVICE BAR 5,mini_chain
KITCHEN,Kitchen,5,5,Kitchen 999 | KITCHEN 79 | KITCHEN | KITCHEN 11,mini_chain
BUFFALO WILD WINGS,Buffalo Wild Wings,5,1,BUFFALO WILD WINGS,mini_chain
BURGER KING POPEYES,"Burger King, Popeyes",5,1,"BURGER KING, POPEYES",mini_chain
LA CABRA,La Cabra,5,2,La Cabra | LA CABRA,mini_chain
LA BAGUETTE SHOP,La Baguette Shop,5,1,LA BAGUETTE SHOP,mini_chain
EMPANADAS MONUMENTAL,Empanadas Monumental,5,1,EMPANADAS MONUMENTAL,mini_chain
EMPEROR DUMPLING,Emperor Dumpling,5,1,EMPEROR DUMPLING,mini_chain
EQUIS PICA POLLO,Equis Pica Pollo,5,2,EQUIS PICA POLLO | EQUIS PICA POLLO 1708 LLC,mini_chain
LAST CRUMB,Last Crumb,5,1,LAST CRUMB,mini_chain
BITES OF XIAN,Bites Of Xi'an,5,3,BITES OF XIAN | BITES OF XIAN 88 | BITES OF XI'AN,mini_chain
PICK A BAGEL,Pick A Bagel,5,3,PICK-A-BAGEL | Pick-A-Bagel | PICK A BAGEL,mini_chain
SWEET CHICK,Sweet Chick,5,1,SWEET CHICK,mini_chain
SUPREME PIZZA,Supreme Pizza,5,1,SUPREME PIZZA,mini_chain
LOCAL,The Local,5,4,LOCAL 138 | LOCAL | LOCAL 42 | THE LOCAL,mini_chain
PITA YEERO,Pita Yeero,5,1,PITA YEERO,mini_chain
LITTLE BEET,The Little Beet,5,2,THE LITTLE BEET | LITTLE BEET,mini_chain
CAPY,Capy,5,1,CAPY,mini_chain
BLACK STAR BAKERY AND CAFE,Black Star Bakery & Cafe,5,1,BLACK STAR BAKERY & CAFE,mini_chain
SUSHI LIN,Sushi Lin,5,1,SUSHI LIN,mini_chain
LITTLE RUBYS,Little Ruby's,5,3,LITTLE RUBY'S | LITTLE RUBY'S CAFE MIDTOWN COMMISSARY | LITTLE RUBYS CAFE,mini_chain
PIO BAGEL,Pio Bagel,5,1,PIO BAGEL,mini_chain
SUSHI COUNTER,Sushi Counter,5,1,SUSHI COUNTER,mini_chain
DOUGHNUT PLANT,Doughnut Plant,5,1,DOUGHNUT PLANT,mini_chain
PARTNERS COFFEE,Partners Coffee,5,1,PARTNERS COFFEE,mini_chain
CHA CHA MATCHA,Cha Cha Matcha,5,1,CHA CHA MATCHA,mini_chain
SINGAS FAMOUS PIZZA,Singas Famous Pizza,5,1,SINGAS FAMOUS PIZZA,mini_chain
STONED PIZZA,Stoned Pizza,5,1,STONED PIZZA,mini_chain
SIMO PIZZA,Simo Pizza,5,1,SIMO PIZZA,mini_chain
MAMAS EMPANADAS,Mama's Empanadas,5,1,MAMA'S EMPANADAS,mini_chain
AUNTIE ANNES CINNABON,Auntie Anne's/cinnabon,5,2,AUNTIE ANNE'S / CINNABON | AUNTIE ANNE'S/CINNABON,mini_chain
TERIYAKI R US,Teriyaki R Us,5,1,TERIYAKI R US,mini_chain
OMARS MEDITERRANEAN CUISINE,Omar's Mediterranean Cuisine,5,1,OMAR'S MEDITERRANEAN CUISINE,mini_chain
MAD FOR CHICKEN,Mad For Chicken,5,1,MAD FOR CHICKEN,mini_chain
TALEA BEER,Talea Beer Co.,5,2,TALEA BEER CO. | TALEA BEER,mini_chain
CHENS GARDEN,Chen's Garden,5,2,CHEN'S GARDEN | CHENS GARDEN,mini_chain
DONER HAUS,Doner Haus,5,1,DONER HAUS,mini_chain
LUIGIS PIZZA,Luigi's Pizza,5,1,LUIGI'S PIZZA,mini_chain
CHINA GARDEN,China Garden,5,1,CHINA GARDEN,mini_chain
BAKED CHEESE HAUS,Baked Cheese Haus,5,2,BAKED CHEESE HAUS LTD | BAKED CHEESE HAUS,mini_chain
BB Q CHICKEN,Bb.q Chicken,5,1,BB.Q CHICKEN,mini_chain
TABLE,Table 87,5,1,TABLE 87,mini_chain
MARTHAS COUNTRY BAKERY,Martha's Country Bakery,5,1,MARTHA'S COUNTRY BAKERY,mini_chain
TIM HORTONS,Tim Hortons,5,1,TIM HORTONS,mini_chain
FUMO,Fumo,5,1,FUMO,mini_chain
FRIEDMANS,Friedman's,5,2,FRIEDMAN'S | FRIEDMANS,mini_chain
IMILKY,I'milky,5,1,I'MILKY,mini_chain
HALAL BROS GRILL,Halal Bros Grill,5,2,HALAL BRO'S GRILL | HALAL BROS GRILL,mini_chain
MAYAS SNACK BAR,Maya's Snack Bar,5,2,MAYA'S SNACK BAR | MAYAS SNACK BAR,mini_chain
GELATERIA GENTILE,Gelateria Gentile,5,1,GELATERIA GENTILE,mini_chain
MIGHTY QUINNS BARBEQUE,Mighty Quinn's Barbeque,5,1,MIGHTY QUINN'S BARBEQUE,mini_chain
NATIONAL BAKERY,National Bakery,5,1,NATIONAL BAKERY,mini_chain
MODERN BREAD AND BAGEL,Modern Bread And Bagel,5,3,MODERN  BREAD & BAGEL | MODERN BREAD AND BAGEL | MODERN BREAD & BAGEL,mini_chain
GUAC TIME MEXICAN GRILL,Guac Time Mexican Grill,5,1,GUAC TIME MEXICAN GRILL,mini_chain
GUACADO MEXICAN GRILL,Guacado Mexican Grill,5,1,GUACADO MEXICAN GRILL,mini_chain
TARALLUCCI E VINO,Tarallucci E Vino,5,1,TARALLUCCI E VINO,mini_chain
JACKS WIFE FREDA,Jack's Wife Freda,5,1,JACK'S WIFE FREDA,mini_chain
OLE AND STEEN,Ole & Steen,5,1,OLE & STEEN,mini_chain
MADE IN NEW YORK PIZZA,Made In New York Pizza,5,1,MADE IN NEW YORK PIZZA,mini_chain
MADMAN ESPRESSO,Madman Espresso,5,1,MADMAN ESPRESSO,mini_chain
DIM SUM SAM,Dim Sum Sam,5,1,DIM SUM SAM,mini_chain
AMYS BREAD,Amy's Bread,5,1,AMY'S BREAD,mini_chain
MOGE TEE,Moge Tee,5,1,MOGE TEE,mini_chain
EL VALLE RESTAURANT,El Valle Restaurant,4,1,EL VALLE RESTAURANT,mini_chain
BROOKLYN ROASTING COMPANY,Brooklyn Roasting Company,4,1,BROOKLYN ROASTING COMPANY,mini_chain
LA GITANA,La Gitana,4,4,LA GITANA #4 | LA GITANA #2 | LA GITANA | LA GITANA #3,mini_chain
FAMOUS JIMBOS HAMBURGER PALACE,The Famous Jimbo's Hamburger Palace,4,1,THE FAMOUS JIMBO'S HAMBURGER PALACE,mini_chain
ENERGY FUEL,Energy Fuel,4,1,ENERGY FUEL,mini_chain
KFC TACO BELL,Kfc / Taco Bell,4,3,"KFC / TACO BELL | KFC/TACO BELL | KFC, TACO BELL",mini_chain
SMITH,The Smith,4,1,THE SMITH,mini_chain
EL BUEN SABOR,El Buen Sabor,4,2,EL BUEN SABOR | EL BUEN SABOR 2,mini_chain
QAHWAH HOUSE,Qahwah House,4,1,QAHWAH HOUSE,mini_chain
2 BROS PIZZA,2 Bros Pizza,4,1,2 BROS PIZZA,mini_chain
KIJITORA,Kijitora,4,1,KIJITORA,mini_chain
PURE EATS,Pure Eats,4,1,PURE EATS,mini_chain
CAFE DAVIGNON,Cafe D'avignon,4,1,CAFE D'AVIGNON,mini_chain
BORA BORA SMOOTHIE CAFE,Bora Bora Smoothie Cafe,4,1,BORA BORA SMOOTHIE CAFE,mini_chain
BOQUERIA,Boqueria,4,1,BOQUERIA,mini_chain
BOMBAY GRILL,Bombay Grill,4,1,BOMBAY GRILL,mini_chain
SHAKING CRAB,Shaking Crab,4,1,SHAKING CRAB,mini_chain
KONA COFFEE ROASTERS,Kona Coffee Roasters,4,1,KONA COFFEE ROASTERS,mini_chain
KINSHIP COFFEE ROASTERS,Kinship Coffee Roasters,4,1,KINSHIP COFFEE ROASTERS,mini_chain
ERNST AND YOUNG,Ernst And Young,4,2,ERNST AND YOUNG | ERNST & YOUNG,mini_chain
KINGS WOK,King's Wok,4,2,KING'S WOK | KINGS WOK,mini_chain
BUTLER,Butler,4,1,BUTLER,mini_chain
LA VERA PIZZA,La Vera Pizza,4,1,LA VERA PIZZA,mini_chain
RA CITADEL FLS,"Ra @ Citadel Fls 17, 19, 21",4,4,"RA @ CITADEL FLS 17, 19, 21 | RA @ CITADEL FLS 34-37 | RA @ CITADEL FLS 23, 25, 28, 29 | RA @ CITADEL FLS 30-33",mini_chain
LARTIGIANO GELATO,L'artigiano Gelato,4,1,L'ARTIGIANO GELATO,mini_chain
RAINBOW BAKERY,Rainbow Bakery,4,1,RAINBOW BAKERY,mini_chain
RADIO BAKERY,Radio Bakery,4,3,RADIO BAKERY 3 | RADIO BAKERY 4 | RADIO BAKERY,mini_chain
ROBERTAS,Roberta's,4,1,ROBERTA'S,mini_chain
ROSAS PIZZA,Rosa's Pizza,4,1,ROSA'S PIZZA,mini_chain
BROOKLYN BAGEL AND COFFEE COMPANY,Brooklyn Bagel & Coffee Company,4,1,BROOKLYN BAGEL & COFFEE COMPANY,mini_chain
EMPANADA MAMA,Empanada Mama,4,1,EMPANADA MAMA,mini_chain
BREAD AND BUTTER,Bread & Butter,4,2,BREAD & BUTTER | BREAD AND BUTTER,mini_chain
WXYZ BAR AND LOUNGE,Wxyz Bar & Lounge,4,1,WXYZ BAR & LOUNGE,mini_chain
SHASHLIK HOUSE,Shashlik House,4,1,SHASHLIK HOUSE,mini_chain
SHAXIAN SNACKS,Shaxian Snacks,4,1,SHAXIAN SNACKS,mini_chain
1 50 HOT PIZZA,$1.50 Hot Pizza,4,2,$1.50 HOT PIZZA | 1.50 HOT PIZZA,mini_chain
LA BAGEL DELIGHT,La Bagel Delight,4,1,LA BAGEL DELIGHT,mini_chain
KPOT KOREAN BBQ AND HOT POT,Kpot Korean Bbq & Hot Pot,4,2,KPOT Korean BBQ & Hot Pot | KPOT KOREAN BBQ & HOT POT,mini_chain
SAKURA,Sakura,4,2,SAKURA 7 | SAKURA,mini_chain
MR PIZZA,Mr. Pizza,4,1,MR. PIZZA,mini_chain
5IVE SPICE,5ive Spice,4,1,5IVE SPICE,mini_chain
GREAT WALL RESTAURANT,Great Wall Restaurant,4,1,GREAT WALL RESTAURANT,mini_chain
WILLIAMSBURG PIZZA,Williamsburg Pizza,4,1,WILLIAMSBURG PIZZA,mini_chain
PASTELES CAPY,Pasteles Capy,4,1,PASTELES CAPY,mini_chain
KANSAS CHICKEN AND BURGER,Kansas Chicken & Burger,4,1,KANSAS CHICKEN & BURGER,mini_chain
SWEET BAMBOO,Sweet Bamboo,4,3,SWEET BAMBOO 4 INC | SWEET BAMBOO | SWEET BAMBOO 2,mini_chain
SUSHI BY M,Sushi By M,4,1,SUSHI BY M,mini_chain
SUSHI AND,Sushi & Co,4,1,SUSHI & CO,mini_chain
SUSHI,Sushi 21,4,4,SUSHI 456 | SUSHI 88 | SUSHI 33 | SUSHI 21,mini_chain
BETTER GOURMET HEALTH KITCHEN,Better Gourmet Health Kitchen,4,1,BETTER GOURMET HEALTH KITCHEN,mini_chain
PETISCO BRAZUCA,Petisco Brazuca,4,2,PETISCO BRAZUCA LLC | PETISCO BRAZUCA,mini_chain
SUPER BURRITO,Super Burrito,4,1,SUPER BURRITO,mini_chain
KEG AND LANTERN,Keg & Lantern,4,1,KEG & LANTERN,mini_chain
KENNEDY CHICKEN AND GRILL,Kennedy Chicken & Grill,4,2,KENNEDY CHICKEN & GRILL | KENNEDY CHICKEN AND GRILL,mini_chain
KENNEDY CHICKEN AND BURGERS,Kennedy Chicken & Burgers,4,2,KENNEDY CHICKEN AND BURGERS | KENNEDY CHICKEN & BURGERS,mini_chain
ESSEN,Essen,4,2,ESSEN | 'ESSEN,mini_chain
FAIRFIELD INN AND SUITES,Fairfield Inn & Suites,4,1,FAIRFIELD INN & SUITES,mini_chain
CARNEGIE DINER AND CAFE,Carnegie Diner & Cafe,4,2,CARNEGIE DINER & CAFE | CARNEGIE DINER AND CAFE,mini_chain
PICKY BARISTA,Picky Barista,4,1,PICKY BARISTA,mini_chain
PERIZIA KOSHER PIZZA,Perizia Kosher Pizza,4,2,PERIZIA KOSHER PIZZA | Perizia Kosher Pizza,mini_chain
PETITE MAMAN,Petite Maman,4,1,PETITE MAMAN,mini_chain
KAZUNORI,Kazunori,4,1,KAZUNORI,mini_chain
KATI ROLL COMPANY,The Kati Roll Company,4,1,THE KATI ROLL COMPANY,mini_chain
SOMEDAYS BAKERY,Somedays Bakery,4,1,SOMEDAYS BAKERY,mini_chain
LE PETIT PARISIEN,Le Petit Parisien,4,1,LE PETIT PARISIEN,mini_chain
BOBA WHALE,Boba Whale,4,1,BOBA WHALE,mini_chain
STRAWBERRO,Strawberro,4,2,STRAWBERRO LLC | STRAWBERRO  LLC,mini_chain
LEONS BAGELS,Leon's Bagels,4,1,LEON'S BAGELS,mini_chain
POKEWORKS,Pokeworks,4,1,POKEWORKS,mini_chain
BLACK FOX COFFEE,Black Fox Coffee,4,2,BLACK FOX COFFEE | BLACK FOX COFFEE CO,mini_chain
EAT OFFBEAT,Eat Offbeat,4,1,EAT OFFBEAT,mini_chain
CALEXICO,Calexico,4,1,CALEXICO,mini_chain
CANTEEN,Canteen,4,2,THE CANTEEN | CANTEEN,mini_chain
CAPITAL ONE CAFE,Capital One Cafe,4,1,CAPITAL ONE CAFE,mini_chain
PIZZA EXPRESS,Pizza Express,4,1,PIZZA EXPRESS,mini_chain
LAVA SHAWARMA,Lava Shawarma,4,1,LAVA SHAWARMA,mini_chain
LAS MARGARITAS,Las Margaritas,4,1,LAS MARGARITAS,mini_chain
PANDA GARDEN,Panda Garden,4,1,PANDA GARDEN,mini_chain
CHINA DRAGON,China Dragon,4,1,CHINA DRAGON,mini_chain
OSLO COFFEE ROASTERS,Oslo Coffee Roasters,4,1,OSLO COFFEE ROASTERS,mini_chain
JOES STEAM RICE ROLL,Joe's Steam Rice Roll,4,1,JOE'S STEAM RICE ROLL,mini_chain
LUCIA PIZZA,Lucia Pizza,4,1,LUCIA PIZZA,mini_chain
LUCYS VIETNAMESE,Lucy's Vietnamese,4,1,LUCY'S VIETNAMESE,mini_chain
TAL BAGELS,Tal Bagels,4,1,TAL BAGELS,mini_chain
JOEY BATS CAFE,Joey Bats Cafe,4,1,JOEY BATS CAFE,mini_chain
JETS PIZZA,Jet's Pizza,4,1,JET'S PIZZA,mini_chain
TEAPULSE,Teapulse,4,1,TEAPULSE,mini_chain
MALA PROJECT,Mala Project,4,1,MALA PROJECT,mini_chain
TBAAR,Tbaar,4,1,TBAAR,mini_chain
MADRAS DOSA,Madras Dosa Co,4,1,MADRAS DOSA CO,mini_chain
MAKIMAKI,Makimaki,4,2,"MAKIMAKI, LLC | MAKIMAKI",mini_chain
MAMAS CUPBOARD,Mama's Cupboard,4,1,MAMA'S CUPBOARD,mini_chain
PANDA CHINESE RESTAURANT,Panda Chinese Restaurant,4,1,PANDA CHINESE RESTAURANT,mini_chain
CHINA DELIGHT,China Delight,4,1,CHINA DELIGHT,mini_chain
BANTER,Banter,4,1,BANTER,mini_chain
BARNES AND NOBLE CAFE,Barnes & Noble Cafe,4,1,BARNES & NOBLE CAFE,mini_chain
BARNEY BROWN,Barney Brown,4,1,BARNEY BROWN,mini_chain
BANHMIGOS,Banhmigos,4,1,BANHMIGOS,mini_chain
TAIM MEDITERRANEAN KITCHEN,Taim Mediterranean Kitchen,4,1,TAIM MEDITERRANEAN KITCHEN,mini_chain
BAR VELOCE,Bar Veloce,4,1,BAR VELOCE,mini_chain
JOJU,Joju,4,1,JOJU,mini_chain
BARCADE,Barcade,4,1,BARCADE,mini_chain
CHAHALO,Chahalo,4,1,CHAHALO,mini_chain
PANDA HOUSE,Panda House,4,1,PANDA HOUSE,mini_chain
JOHNS DELI,John's Deli,4,2,JOHNS DELI | JOHN'S DELI,mini_chain
CHARLEYS PHILLY STEAKS,Charley's Philly Steaks,4,2,CHARLEY'S PHILLY STEAKS | CHARLEYS PHILLY STEAKS,mini_chain
CHAMA MAMA,Chama Mama,4,1,CHAMA MAMA,mini_chain
MANGIA,Mangia,4,1,MANGIA,mini_chain
MAMOUNS FALAFEL,Mamoun's Falafel,4,1,MAMOUN'S FALAFEL,mini_chain
ODDFELLOWS ICE CREAM,Oddfellows Ice Cream Co.,4,1,ODDFELLOWS ICE CREAM CO.,mini_chain
CINCO DE MAYO,Cinco De Mayo,4,1,CINCO DE MAYO,mini_chain
TAQUERIA EMILIO,Taqueria Emilio,4,3,TAQUERIA EMILIO 3 | TAQUERIA EMILIO | TAQUERIA EMILIO 2,mini_chain
TAQUERIA AL PASTOR,Taqueria Al Pastor,4,1,TAQUERIA AL PASTOR,mini_chain
TEPPANYAKI ONE,Teppanyaki One,4,1,TEPPANYAKI ONE,mini_chain
AYAT,Ayat,4,1,AYAT,mini_chain
OLIVE GARDEN,Olive Garden,4,1,OLIVE GARDEN,mini_chain
CHIRPING CHICKEN,Chirping Chicken,4,1,CHIRPING CHICKEN,mini_chain
FLUFFIES HOT CHICKEN,Fluffies Hot Chicken,4,1,FLUFFIES HOT CHICKEN,mini_chain
FOGO DE CHAO,Fogo De Chao,4,1,FOGO DE CHAO,mini_chain
TACO MIX,Taco Mix,4,1,TACO MIX,mini_chain
FOODA,Fooda,4,3,"FOODA, INC | FOODA, INC. | FOODA",mini_chain
TACO TEK MEXICAN GRILL,Taco Tek Mexican Grill,4,1,TACO TEK MEXICAN GRILL,mini_chain
AU BON PAIN,Au Bon Pain,4,1,AU BON PAIN,mini_chain
GINOS PIZZERIA,Gino's Pizzeria,4,1,GINO'S PIZZERIA,mini_chain
ARTICHOKE BASILLES PIZZA,Artichoke Basille's Pizza,4,1,ARTICHOKE BASILLE'S PIZZA,mini_chain
HUNGRY GHOST COFFEE,Hungry Ghost Coffee,4,1,HUNGRY GHOST COFFEE,mini_chain
FROZEN D LITE,Frozen D Lite,4,1,FROZEN D LITE,mini_chain
HOT PEPPERS,Hot Peppers,4,2,HOT PEPPERS INC | HOT PEPPERS,mini_chain
NEW YORK CITY BAGEL AND COFFEE HOUSE,New York City Bagel & Coffee House,4,1,NEW YORK CITY BAGEL & COFFEE HOUSE,mini_chain
HONEYBRAINS,Honeybrains,4,1,HONEYBRAINS,mini_chain
GERMAN DONER KEBAB,German Doner Kebab,4,1,GERMAN DONER KEBAB,mini_chain
NO 1 KITCHEN,No. 1 Kitchen,4,2,NO. 1 KITCHEN | NO.1 KITCHEN,mini_chain
CLINTON HALL,Clinton Hall,4,2,CLINTON HALL | CLINTON HALL 36,mini_chain
NEW YORK COMEDY CLUB,New York Comedy Club,4,1,NEW YORK COMEDY CLUB,mini_chain
TOMPKINS SQUARE BAGELS,Tompkins Square Bagels,4,1,TOMPKINS SQUARE BAGELS,mini_chain
TONYS PIZZA,Tony's Pizza,4,1,TONY'S PIZZA,mini_chain
DELICIAS CALENAS,Delicias Calenas,4,3,DELICIAS CALENAS 3 | DELICIAS CALENAS | DELICIAS CALENAS #4,mini_chain
MARISCOS EL SUBMARINO,Mariscos El Submarino,4,1,MARISCOS EL SUBMARINO,mini_chain
MARINARA PIZZA,Marinara Pizza,4,1,MARINARA PIZZA,mini_chain
COMPTONS,Compton's,4,1,COMPTON'S,mini_chain
HARBOR FITNESS,Harbor Fitness,4,1,HARBOR FITNESS,mini_chain
HAPPY TUNA,Happy Tuna,4,1,HAPPY TUNA,mini_chain
H AND H BAGELS,H&h Bagels,4,1,H&H BAGELS,mini_chain
DAVE AND BUSTERS,Dave & Buster's,4,2,DAVE & BUSTER'S | DAVE & BUSTERS,mini_chain
NEW GREAT WALL,New Great Wall,4,2,NEW GREAT WALL | NEW GREAT WALL 1419,mini_chain
CROWN FRIED CHICKEN AND PIZZA,Crown Fried Chicken & Pizza,4,1,CROWN FRIED CHICKEN & PIZZA,mini_chain
NATURAL BLEND,Natural Blend,4,1,NATURAL BLEND,mini_chain
VANGUARD WINE BAR,Vanguard Wine Bar,4,1,VANGUARD WINE BAR,mini_chain
VANESSAS DUMPLING HOUSE,Vanessa's Dumpling House,4,1,VANESSA'S DUMPLING HOUSE,mini_chain
CUDDLE CREPES,Cuddle Crepes,4,1,CUDDLE CREPES LLC,mini_chain
AMERICAN GRILL,American Grill,4,2,AMERICAN GRILL INC. | AMERICAN GRILL,mini_chain
ANDIAMO PIZZA,Andiamo Pizza,4,1,ANDIAMO PIZZA,mini_chain
AMORINO,Amorino,4,1,AMORINO,mini_chain
MIMIS,Mimi's,4,1,MIMI'S,mini_chain
MOA COFFEE,Moa Coffee,4,1,MOA COFFEE,mini_chain
ANGELINA BAKERY,Angelina Bakery,4,1,ANGELINA BAKERY,mini_chain
ANITA GELATO,Anita Gelato,4,1,ANITA GELATO,mini_chain
MOKA AND,Moka & Co,4,1,MOKA & CO,mini_chain
MOKAFE,Mokafe,4,1,MOKAFE,mini_chain
COOKING WITH COREY,Cooking With Corey,4,2,COOKING WITH COREY | Cooking With Corey,mini_chain
COOL SIPS,Cool Sips,4,1,COOL SIPS,mini_chain
MUGHLAI INDIAN CUISINE,Mughlai Indian Cuisine,4,1,MUGHLAI INDIAN CUISINE,mini_chain
MYSTTIK MASAALA,Mysttik Masaala,4,1,MYSTTIK MASAALA,mini_chain
NAISNOW,Naisnow,4,1,NAISNOW,mini_chain
CORNER,Corner 28,4,2,THE CORNER | CORNER 28,mini_chain
MOTEK,Motek,4,1,MOTEK,mini_chain
CREPE HOUSE,Crepe House,4,1,CREPE HOUSE,mini_chain
XING FU TANG,Xing Fu Tang,4,1,XING FU TANG,mini_chain
GYRO PROJECT,The Gyro Project,4,1,THE GYRO PROJECT,mini_chain
A TASTE OF SEAFOOD,A Taste Of Seafood,4,1,A TASTE OF SEAFOOD,mini_chain
1 50 FRESH PIZZA,$1.50 Fresh Pizza,4,1,$1.50 FRESH PIZZA,mini_chain
GUNTHERS,Gunther's,3,1,GUNTHER'S,mini_chain
1 50 PIZZA,1.50 Pizza,3,2,1.50 PIZZA | $1.50 PIZZA,mini_chain
YGF MALATANG,Ygf Malatang,3,1,YGF MALATANG,mini_chain
ABITINOS PIZZA,Abitino's Pizza,3,1,ABITINO'S PIZZA,mini_chain
99 CENT SUPREME PIZZA,99 Cent Supreme Pizza,3,1,99 CENT SUPREME PIZZA,mini_chain
UNDER PRESSURE,Under Pressure,3,1,UNDER PRESSURE,mini_chain
UNITED CHOCOLATE WORKS,United Chocolate Works,3,1,UNITED CHOCOLATE WORKS,mini_chain
UNIVERSITY CLUB,The University Club,3,1,THE UNIVERSITY CLUB,mini_chain
ANGELOS PIZZA,Angelo's Pizza,3,1,ANGELO'S PIZZA,mini_chain
ANGELS CAFE,Angel's Cafe,3,2,ANGELS CAFE | ANGEL'S CAFE,mini_chain
ANGRY ARCHIES,Angry Archie's,3,1,ANGRY ARCHIE'S,mini_chain
APNA PIND,Apna Pind,3,1,APNA PIND,mini_chain
UTOPIA BAGELS,Utopia Bagels,3,1,UTOPIA BAGELS,mini_chain
GOOD TASTE RESTAURANT,Good Taste Restaurant,3,2,GOOD TASTE RESTAURANT 168 INC. | GOOD TASTE RESTAURANT,mini_chain
GOTHAM PIZZA,Gotham Pizza,3,1,GOTHAM PIZZA,mini_chain
GRAB AND GO,Grab & Go,3,2,GRAB & GO | GRAB AND GO,mini_chain
GRANO DE CAFE,Grano De Cafe,3,1,GRANO DE CAFE,mini_chain
HAN DYNASTY,Han Dynasty,3,1,HAN DYNASTY,mini_chain
HANCOS,Hanco's,3,1,HANCO'S,mini_chain
HAPPY HOUSE,Happy House,3,1,HAPPY HOUSE,mini_chain
TONYS PIZZERIA,Tony's Pizzeria,3,2,TONY'S PIZZERIA | TONYS PIZZERIA,mini_chain
COLUMBIA UNIVERSITY BAKER ATHLETICS COMPLEX STAND,"Columbia University Baker Athletics Complex, Stand",3,3,"COLUMBIA UNIVERSITY BAKER ATHLETICS COMPLEX, STAND #3 | COLUMBIA UNIVERSITY BAKER ATHLETICS COMPLEX, STAND #2 | COLUMBIA UNIVERSITY BAKER ATHLETICS COMPLEX, STAND #1",mini_chain
NERD BE COOL,Nerd Be Cool,3,1,NERD BE COOL,mini_chain
NEW HONG KONG,New Hong Kong,3,2,NEW HONG KONG | New Hong Kong,mini_chain
MIRADOR RESTAURANT,Mirador Restaurant,3,1,MIRADOR RESTAURANT,mini_chain
MIRIAM,Miriam,3,1,MIRIAM,mini_chain
MITO,Mito,3,1,MITO,mini_chain
MIXUE,Mixue,3,1,MIXUE,mini_chain
CONSULATE,The Consulate,3,1,THE CONSULATE,mini_chain
COOKLYN EATS,Cooklyn Eats,3,1,COOKLYN EATS,mini_chain
COPPER MUG COFFEE,Copper Mug Coffee,3,1,COPPER MUG COFFEE,mini_chain
MYTHOS,Mythos,3,1,MYTHOS,mini_chain
N AND F GLOBAL,N & F Global,3,2,N & F GLOBAL CORP | N&F GLOBAL CORP.,mini_chain
NAMASTE,Namaste,3,1,NAMASTE,mini_chain
NAN XIANG EXPRESS SOUP DUMPLINGS,Nan Xiang Express Soup Dumplings,3,1,NAN XIANG EXPRESS SOUP DUMPLINGS,mini_chain
MOKBAR,Mokbar,3,1,MOKBAR,mini_chain
MOLLY TEA,Molly Tea,3,1,MOLLY TEA,mini_chain
NO CHEWING ALLOWED,No Chewing Allowed,3,2,NO CHEWING ALLOWED | NO CHEWING ALLOWED!,mini_chain
NOA,Noa,3,1,NOA,mini_chain
NOCHES DE COLOMBIA,Noches De Colombia,3,1,NOCHES DE COLOMBIA,mini_chain
NORIBAR,Noribar,3,1,NORIBAR,mini_chain
MAXIN BAKERY,Maxin Bakery,3,1,MAXIN BAKERY,mini_chain
MAXIS NOODLE,Maxi's Noodle,3,3,MAXI'S NOODLE 3 | MAXI'S NOODLE | MAXI'S NOODLE- 2,mini_chain
MAYA TAQUERIA,Maya Taqueria,3,1,MAYA TAQUERIA,mini_chain
MERRY LAND BUFFET,Merry Land Buffet,3,1,MERRY LAND BUFFET,mini_chain
MEZEH,Mezeh,3,1,MEZEH,mini_chain
DAN AND JOHNS WINGS,Dan & John's Wings,3,2,DAN & JOHN'S WINGS | DAN AND JOHN'S WINGS,mini_chain
DAVEYS ICE CREAM,Davey's Ice Cream,3,1,DAVEY'S ICE CREAM,mini_chain
MIKES DELI,Mike's Deli,3,1,MIKE'S DELI,mini_chain
NAN XIANG XIAO LONG BAO,Nan Xiang Xiao Long Bao,3,1,NAN XIANG XIAO LONG BAO,mini_chain
COFFEE PROJECT NEW YORK,Coffee Project New York,3,1,COFFEE PROJECT NEW YORK,mini_chain
COFFEE PROJECT NY,Coffee Project Ny,3,1,COFFEE PROJECT NY,mini_chain
COLIMA TAQUERIA,Colima Taqueria,3,2,Colima Taqueria | COLIMA TAQUERIA,mini_chain
NOWHERE,Nowhere,3,1,NOWHERE,mini_chain
NUAN XIN RICE ROLL,Nuan Xin Rice Roll,3,1,NUAN XIN RICE ROLL,mini_chain
CHUN YANG,Chun Yang,3,1,CHUN YANG,mini_chain
CIBO EXPRESS GOURMET MARKET,Cibo Express Gourmet Market,3,1,CIBO EXPRESS GOURMET MARKET,mini_chain
NY BAKERY AND DESSERTS,Ny Bakery & Desserts,3,1,NY BAKERY & DESSERTS,mini_chain
ODA HOUSE,Oda House,3,1,ODA HOUSE,mini_chain
MAMAS FRIED CHICKEN,Mama's Fried Chicken,3,1,MAMA'S FRIED CHICKEN,mini_chain
MANGO MANGO DESSERT,Mango Mango Dessert,3,1,MANGO MANGO DESSERT,mini_chain
MARINARA,Marinara,3,1,MARINARA,mini_chain
DEVON AND BLAKELY,Devon & Blakely,3,2,DEVON & BLAKELY | DEVON AND BLAKELY,mini_chain
NEW KING WOK,New King Wok,3,1,NEW KING WOK,mini_chain
NEW LAB,New Lab,3,2,NEW LAB LLC | NEW LAB,mini_chain
CLAIRES KITCHEN CAFE,Claire's Kitchen Cafe,3,2,CLAIRE'S KITCHEN CAFE | CLAIRES KITCHEN CAFE,mini_chain
CLUB,Club 101,3,3,Club 305 | THE CLUB | CLUB 101,mini_chain
NICKS PIZZA,Nick's Pizza,3,1,NICK'S PIZZA,mini_chain
NO 1 RESTAURANT,No. 1 Restaurant,3,2,NO. 1 RESTAURANT | NO 1 RESTAURANT,mini_chain
CHINA CITY,China City,3,1,CHINA CITY,mini_chain
CHINA HOUSE,China House,3,1,CHINA HOUSE,mini_chain
MADAME BONTE,Madame Bonte,3,1,MADAME BONTE,mini_chain
MALA TOWN,Mala Town,3,1,MALA TOWN,mini_chain
DIM SUM BLOOM,Dim Sum Bloom,3,1,DIM SUM BLOOM,mini_chain
DISTRICT,District,3,3,DISTRICT | DISTRICT 385 | THE DISTRICT,mini_chain
OH DUMPLINGS,Oh! Dumplings,3,2,OH! DUMPLINGS | OH DUMPLINGS,mini_chain
OLDE CITY CHEESESTEAKS AND BREW,Olde City Cheesesteaks & Brew,3,2,OLDE CITY CHEESESTEAKS & BREW | Olde City Cheesesteaks & Brew,mini_chain
OLIO E PIU,Olio E Piu,3,1,OLIO E PIU,mini_chain
CHOCOLATE CONNECTS,Chocolate Connects,3,1,CHOCOLATE CONNECTS,mini_chain
CHOCOLATE HOUSE,Chocolate House,3,1,CHOCOLATE HOUSE,mini_chain
OMONIA CAFE,Omonia Cafe,3,1,OMONIA CAFE,mini_chain
ONE AND ONE,One And One,3,1,ONE AND ONE,mini_chain
ONGI,Ongi,3,1,ONGI,mini_chain
NORMA,Norma,3,1,NORMA,mini_chain
NORMS PIZZA,Norm's Pizza,3,1,NORM'S PIZZA,mini_chain
PAPA CHICKEN,Papa Chicken,3,1,PAPA CHICKEN,mini_chain
CHARLOTTE CAFE,Charlotte Cafe,3,1,CHARLOTTE CAFE,mini_chain
CHICK ROCKS,Chick Rocks,3,1,CHICK ROCKS,mini_chain
CHICKEN FEASTIN,Chicken Feastin,3,1,CHICKEN FEASTIN,mini_chain
CHICKEN FRIES CONCESSION,"Chicken, Fries Concession",3,2,"CHICKEN/FRIES CONCESSION | CHICKEN, FRIES CONCESSION",mini_chain
PARK HYATT NEW YORK,Park Hyatt New York,3,1,PARK HYATT NEW YORK,mini_chain
LOS TRES POTRILLOS,Los Tres Potrillos,3,1,LOS TRES POTRILLOS,mini_chain
DON ALEX,Don Alex,3,1,DON ALEX,mini_chain
DON POLLO,Don Pollo,3,1,DON POLLO,mini_chain
DOUGH DOUGHNUTS,Dough Doughnuts,3,1,DOUGH DOUGHNUTS,mini_chain
ORCHARD BEACH GRILL SECTION,Orchard Beach Grill (section 10),3,3,Orchard Beach Grill (section 10) | Orchard Beach Grill (section 5) | Orchard Beach Grill (section 7),mini_chain
OUTBACK STEAKHOUSE,Outback Steakhouse,3,1,OUTBACK STEAKHOUSE,mini_chain
PALACE,The Palace,3,1,THE PALACE,mini_chain
PALENQUE HOME MADE COLOMBIAN FOOD,Palenque Home Made Colombian Food,3,2,PALENQUE HOME MADE COLOMBIAN FOOD INC | PALENQUE HOME MADE COLOMBIAN FOOD INC.,mini_chain
CHICKEN SHACK,The Chicken Shack,3,2,THE CHICKEN SHACK | CHICKEN SHACK,mini_chain
CHIKURIN,Chikurin,3,1,CHIKURIN,mini_chain
PHO TABLE,Pho Table,3,1,PHO TABLE,mini_chain
LITTLE CUPCAKE BAKESHOP,Little Cupcake Bakeshop,3,1,LITTLE CUPCAKE BAKESHOP,mini_chain
DOUGHNUTTERY,Doughnuttery,3,1,DOUGHNUTTERY,mini_chain
DRAGON,Dragon 105,3,3,DRAGON 89 | DRAGON 105 | DRAGON 88,mini_chain
DRAGON CITY,Dragon City,3,1,DRAGON CITY,mini_chain
DRAGON GARDEN,Dragon Garden,3,1,DRAGON GARDEN,mini_chain
DRAGON KING RESTAURANT,Dragon King Restaurant,3,1,DRAGON KING RESTAURANT,mini_chain
DRIP,Drip,3,1,DRIP,mini_chain
DUE FRATELLI,Due Fratelli,3,1,DUE FRATELLI,mini_chain
LOCA MADRES,Loca Madres,3,1,LOCA MADRES INC,mini_chain
PASTASOLE,Pastasole,3,1,PASTASOLE,mini_chain
PEKING CHINESE RESTAURANT,Peking Chinese Restaurant,3,1,PEKING CHINESE RESTAURANT,mini_chain
PEKING GARDEN,Peking Garden,3,1,PEKING GARDEN,mini_chain
CHARLES PAN FRIED CHICKEN,Charles Pan-fried Chicken,3,2,CHARLES PAN-FRIED CHICKEN | Charles Pan-Fried Chicken,mini_chain
PANINERIA,Panineria,3,1,PANINERIA,mini_chain
PANINO RUSTICO,Panino Rustico,3,1,PANINO RUSTICO,mini_chain
POULETTE,Poulette,3,1,POULETTE,mini_chain
LEOS,Leo's,3,1,LEO'S,mini_chain
LEVY AT JAVITS CENTER,Levy At Javits Center,3,1,LEVY AT JAVITS CENTER,mini_chain
LIFE TIME,Life Time,3,1,LIFE TIME,mini_chain
LINCOLN STATION,Lincoln Station,3,1,LINCOLN STATION,mini_chain
LINDUSTRIE PIZZERIA,L'industrie Pizzeria,3,1,L'INDUSTRIE PIZZERIA,mini_chain
EASTERN CHINESE RESTAURANT,Eastern Chinese Restaurant,3,1,EASTERN CHINESE RESTAURANT,mini_chain
EATALY CAFFE,Eataly Caffe,3,1,EATALY CAFFE,mini_chain
LINS GARDEN,Lin's Garden,3,1,LIN'S GARDEN,mini_chain
PISILLO ITALIAN PANINI,Pisillo Italian Panini,3,1,PISILLO ITALIAN PANINI,mini_chain
CANTINA,Cantina 138,3,3,CANTINA 33 | CANTINA 138 | CANTINA 35,mini_chain
CAPITAL GRILLE,The Capital Grille,3,2,THE CAPITAL GRILLE #8074 | THE CAPITAL GRILLE,mini_chain
PIZZA,Ltd Pizza,3,2,LTD PIZZA | PIZZA,mini_chain
PIZZA DAMORE,Pizza D'amore,3,2,PIZZA D'AMORE | PIZZA DAMORE,mini_chain
PIZZA PLUS,Pizza Plus,3,1,PIZZA PLUS,mini_chain
PHILIPPE BY PHILIPPE CHOW,Philippe By Philippe Chow,3,1,PHILIPPE BY PHILIPPE CHOW,mini_chain
CACHAPAS Y MAS,Cachapas Y Mas,3,1,CACHAPAS Y MAS,mini_chain
CAFE AROMA,Cafe Aroma,3,1,CAFE AROMA,mini_chain
PUEBLO QUERIDO COFFEE ROASTERS,Pueblo Querido Coffee Roasters,3,1,PUEBLO QUERIDO COFFEE ROASTERS,mini_chain
QC NY SPA GOVERNORS ISLAND,Qc Ny Spa (governors Island),3,1,QC NY SPA (Governors Island),mini_chain
QUE RICO,Que Rico,3,1,QUE RICO,mini_chain
LE BOTANISTE,Le Botaniste,3,1,LE BOTANISTE,mini_chain
EL CARRITO ROJO FOODS,El Carrito Rojo Foods,3,1,EL CARRITO ROJO FOODS CORP,mini_chain
EL GRECO,El Greco,3,1,EL GRECO,mini_chain
LEAP SERVICES,Leap Services,3,2,"LEAP SERVICES, INC. | LEAP SERVICES INC.",mini_chain
LEDO PIZZA,Ledo Pizza,3,1,LEDO PIZZA,mini_chain
LENNYS PIZZERIA,Lenny's Pizzeria,3,2,LENNY'S PIZZERIA | LENNYS PIZZERIA,mini_chain
POKE BOWL STATION,Poke Bowl Station,3,1,POKE BOWL STATION,mini_chain
POLLOS A LA BRASA MARIO,Pollos A La Brasa Mario,3,1,POLLOS A LA BRASA MARIO,mini_chain
CAFE HESTIA,Cafe Hestia,3,1,CAFE HESTIA,mini_chain
CAFE LUNA,Cafe Luna,3,1,CAFE LUNA,mini_chain
POPS PIZZA,Pop’s Pizza,3,2,POP’S PIZZA | POPS PIZZA,mini_chain
SABOR RESTAURANT AND BAKERY,Sabor Restaurant & Bakery,3,1,SABOR RESTAURANT & BAKERY,mini_chain
LA ISLA,La Isla,3,1,LA ISLA,mini_chain
EL MARIACHI,El Mariachi,3,1,EL MARIACHI,mini_chain
EL REY DE OROS,El Rey De Oros,3,2,EL REY DE OROS 1 CORP | EL REY DE OROS,mini_chain
EL RINCONCITO DE LOS SABORES,El Rinconcito De Los Sabores,3,1,EL RINCONCITO DE LOS SABORES,mini_chain
EL RINCONCITO PAISA,El Rinconcito Paisa,3,2,EL RINCONCITO PAISA 2 | EL RINCONCITO PAISA,mini_chain
LACEY BURGER,Lacey Burger,3,1,LACEY BURGER,mini_chain
LADUREE,Laduree,3,1,LADUREE,mini_chain
RALPHS FAMOUS ITALIAN ICES AND ICE CREAM,Ralph's Famous Italian Ices & Ice Cream,3,2,RALPH'S FAMOUS ITALIAN ICES & ICE CREAM | RALPH'S FAMOUS ITALIAN ICES AND ICE CREAM,mini_chain
RALPHS ICES,Ralph's Ices,3,3,RALPH'S  ICES | RALPHS ICES | RALPH'S ICES,mini_chain
RED MANGO,Red Mango,3,1,RED MANGO,mini_chain
REMI FLOWER AND COFFEE,Remi Flower & Coffee,3,1,REMI FLOWER & COFFEE,mini_chain
RESTAURANT ASSOCIATES,Restaurant Associates,3,2,"RESTAURANT ASSOCIATES LLC | RESTAURANT ASSOCIATES, INC",mini_chain
PROPER FOOD,Proper Food,3,1,PROPER FOOD,mini_chain
BUTTERLY BAKESHOP,Butterly Bakeshop,3,1,BUTTERLY BAKESHOP,mini_chain
BUUNNI COFFEE,Buunni Coffee,3,1,BUUNNI COFFEE,mini_chain
SARABETHS,Sarabeth's,3,1,SARABETH'S,mini_chain
KORONET PIZZA,Koronet Pizza,3,1,KORONET PIZZA,mini_chain
KREYOL FLAVOR,Kreyol Flavor,3,1,KREYOL FLAVOR,mini_chain
KYURAMEN,Kyuramen,3,1,KYURAMEN,mini_chain
ELIS ESSENTIALS,Eli's Essentials,3,1,ELI'S ESSENTIALS,mini_chain
ELORAS,Elora's,3,1,ELORA'S,mini_chain
LA CABANA,La Cabana,3,1,LA CABANA,mini_chain
RETRO FITNESS,Retro Fitness,3,1,RETRO FITNESS,mini_chain
RHYTHM ZERO,Rhythm Zero,3,1,RHYTHM ZERO,mini_chain
ROLLY KIMBAB,Rolly Kimbab,3,1,ROLLY KIMBAB,mini_chain
ROOM,Room 151,3,3,ROOM 151 | ROOM 52 | ROOM 205,mini_chain
ROSA MEXICANO,Rosa Mexicano,3,1,ROSA MEXICANO,mini_chain
BROOKLYN DUMPLING SHOP,Brooklyn Dumpling Shop,3,1,BROOKLYN DUMPLING SHOP,mini_chain
BROOKLYN FRENCH BAKERS,Brooklyn French Bakers,3,1,BROOKLYN FRENCH BAKERS,mini_chain
BROOKLYN WING HOUSE,Brooklyn Wing House,3,1,BROOKLYN WING HOUSE,mini_chain
ROSETTA BAKERY,Rosetta Bakery,3,1,ROSETTA BAKERY,mini_chain
BOCCA DI BACCO,Bocca Di Bacco,3,1,BOCCA DI BACCO,mini_chain
SOFIAS BAGEL,Sofia's Bagel,3,1,SOFIA'S BAGEL,mini_chain
SONIC,Sonic,3,1,SONIC,mini_chain
EQUIS PICA POLLO RESTAURANT,Equis Pica Pollo Restaurant,3,1,EQUIS PICA POLLO RESTAURANT,mini_chain
KORNS BAKERY,Korn's Bakery,3,1,KORN'S BAKERY,mini_chain
BOMBAY GRILL HOUSE,Bombay Grill House,3,1,BOMBAY GRILL HOUSE,mini_chain
BOSTON MARKET,Boston Market,3,1,BOSTON MARKET,mini_chain
BOTTE,Botte,3,1,BOTTE,mini_chain
SHASHLIK UZ N1,Shashlik Uz N1,3,1,SHASHLIK UZ N1,mini_chain
SAGAR CHINESE,Sagar Chinese,3,1,SAGAR CHINESE,mini_chain
SALTED,Salted,3,2,"SALTED, INC | SALTED",mini_chain
SALVOS,Salvo's,3,1,SALVO'S,mini_chain
SANDWELL,Sandwell,3,1,SANDWELL,mini_chain
SANMIWAGO,Sanmiwago,3,1,SANMIWAGO,mini_chain
BRASSERIE COGNAC,Brasserie Cognac,3,1,BRASSERIE COGNAC,mini_chain
SAPERAVI,Saperavi,3,1,SAPERAVI,mini_chain
BK JANI,Bk Jani,3,1,BK JANI,mini_chain
SUNRISE BAKERY,Sunrise Bakery,3,1,SUNRISE BAKERY,mini_chain
SUNSET COFFEE SHOP,Sunset Coffee Shop,3,3,SUNSET COFFEE SHOP | Sunset Coffee Shop | SUNSET COFFEE SHOP #2,mini_chain
KENNEDY CHICKEN AND BURGER,Kennedy Chicken & Burger,3,2,KENNEDY CHICKEN AND BURGER | KENNEDY CHICKEN & BURGER,mini_chain
ETC,Etc,3,2,ETC | ETC.,mini_chain
EVAS X CINCO DE MAYO,Eva's X Cinco De Mayo,3,2,EVA'S X CINCO DE MAYO | EVA'S x CINCO DE MAYO,mini_chain
FAIRFIELD INN,Fairfield Inn,3,1,FAIRFIELD INN,mini_chain
SONIC DRIVE IN,Sonic Drive In,3,1,SONIC DRIVE IN,mini_chain
BLAZIN CHICKEN AND GYRO,Blazin Chicken & Gyro,3,1,BLAZIN CHICKEN & GYRO,mini_chain
SPOT DESSERT BAR,Spot Dessert Bar,3,1,SPOT DESSERT BAR,mini_chain
SQUARE PIZZA,Square Pizza,3,2,SQUARE PIZZA INC | SQUARE PIZZA,mini_chain
STOUT NYC,Stout Nyc,3,1,STOUT NYC,mini_chain
STRETCH PIZZA,Stretch Pizza,3,1,STRETCH PIZZA,mini_chain
SILKY KITCHEN,Silky Kitchen,3,1,SILKY KITCHEN,mini_chain
SKINNY LOUIE,Skinny Louie,3,1,SKINNY LOUIE,mini_chain
SMASH HOUSE,Smash House,3,1,SMASH HOUSE,mini_chain
SUSHI SEKI,Sushi Seki,3,1,SUSHI SEKI,mini_chain
SUSHI W,Sushi W,3,1,SUSHI W,mini_chain
JUPIOCA,Jupioca,3,1,JUPIOCA,mini_chain
KAFFE ARE,Kaffe Are,3,1,KAFFE ARE,mini_chain
FAMOUS PIZZA,Famous Pizza,3,1,FAMOUS PIZZA,mini_chain
FAMOUS ROTISSERIE AND GRILL,Famous Rotisserie And Grill,3,1,FAMOUS ROTISSERIE AND GRILL,mini_chain
FELLINI COFFEE,Fellini Coffee,3,2,FELLINI COFFEE | Fellini Coffee,mini_chain
FIFTYLAN,Fiftylan,3,1,FIFTYLAN,mini_chain
SUGAR HILL CREAMERY,Sugar Hill Creamery,3,1,SUGAR HILL CREAMERY,mini_chain
SUGARFISH,Sugarfish,3,1,SUGARFISH,mini_chain
SUGARFISH BY SUSHI NOZAWA,Sugarfish By Sushi Nozawa,3,1,SUGARFISH BY SUSHI NOZAWA,mini_chain
BEST SICHUAN,The Best Sichuan,3,1,THE BEST SICHUAN,mini_chain
BILLYS BAKERY,Billy's Bakery,3,1,BILLY'S BAKERY,mini_chain
BIRRIA LES,Birria Les,3,1,BIRRIA LES,mini_chain
BISCOTTI,Biscotti,3,1,BISCOTTI,mini_chain
BK HALAL GRILL,Bk Halal Grill,3,1,BK HALAL GRILL,mini_chain
BAKERI,Bakeri,3,1,BAKERI,mini_chain
BAR AT THE GARDEN,Bar At The Garden,3,2,BAR AT THE GARDEN | Bar at the Garden,mini_chain
FILONCINO CAFE,Filoncino Cafe,3,1,FILONCINO CAFE,mini_chain
FITRITION,Fitrition,3,1,FITRITION,mini_chain
JONGRO BBQ,Jongro Bbq,3,1,JONGRO BBQ,mini_chain
JOYBITE TANGHULU,Joybite Tanghulu,3,2,JOYBITE TANGHULU INC | JOYBITE TANGHULU,mini_chain
SWEETLEAF COFFEE ROASTERS,Sweetleaf Coffee Roasters,3,1,SWEETLEAF COFFEE ROASTERS,mini_chain
BARLEY TIME,Barley Time,3,1,BARLEY TIME,mini_chain
BARZOLA,Barzola,3,1,BARZOLA,mini_chain
BATHHOUSE,Bathhouse,3,1,BATHHOUSE,mini_chain
TACO EXPRESS MEXICAN GRILL,Taco Express Mexican Grill,3,1,TACO EXPRESS MEXICAN GRILL,mini_chain
SURREAL CREAMERY,Surreal Creamery,3,1,SURREAL CREAMERY,mini_chain
BEL FRIES FOODS,Bel Fries Foods,3,2,BEL FRIES FOODS LLC. | BEL FRIES FOODS LLC,mini_chain
BENTOME,Bentome,3,2,"BENTOME, INC | BENTOME INC",mini_chain
BERGEN BAGELS,Bergen Bagels,3,1,BERGEN BAGELS,mini_chain
BEST PIZZA,Best Pizza,3,1,BEST PIZZA,mini_chain
TAQUERIA SANTA FE,Taqueria Santa Fe,3,1,TAQUERIA SANTA FE,mini_chain
TASTY HAND PULLED NOODLES,Tasty Hand-pulled Noodles,3,1,TASTY HAND-PULLED NOODLES,mini_chain
TASTY PICKS,Tasty Picks,3,3,TASTY PICKS 5 CORP | TASTY PICKS | TASTY PICKS #3,mini_chain
BAGEL MARKET,Bagel Market,3,1,BAGEL MARKET,mini_chain
BAKE CULTURE,Bake Culture,3,1,BAKE CULTURE,mini_chain
TEAZZI TEA SHOP,Teazzi Tea Shop,3,1,TEAZZI TEA SHOP,mini_chain
JERSEY MIKES SUBS,Jersey Mike's Subs,3,2,JERSEY MIKES SUBS | JERSEY MIKE'S SUBS,mini_chain
FLIK INTERNATIONAL,Flik International,3,2,FLIK INTERNATIONAL CORP. | FLIK INTERNATIONAL,mini_chain
FOO HING KITCHEN,Foo Hing Kitchen,3,2,FOO-HING KITCHEN | FOO HING KITCHEN,mini_chain
FOOTPRINTS CAFE,Footprints Cafe,3,1,FOOTPRINTS CAFE,mini_chain
FOREFEATHERS,Forefeathers,3,1,FOREFEATHERS,mini_chain
JIN RAMEN,Jin Ramen,3,1,JIN RAMEN,mini_chain
JKCSNY,Jkcsny,3,1,JKCSNY INC,mini_chain
TACO MAHAL,Taco Mahal,3,1,TACO MAHAL,mini_chain
TACO VELOZ,Taco Veloz,3,1,TACO VELOZ,mini_chain
TAIM,Taim,3,1,TAIM,mini_chain
TEXAS CHICKEN AND BURGER,Texas Chicken & Burger,3,2,TEXAS CHICKEN & BURGER | Texas Chicken and Burger,mini_chain
THAI,Thai 101,3,2,THAI 101 | THAI 72,mini_chain
IRVING FARM NEW YORK,Irving Farm New York,3,1,IRVING FARM NEW YORK,mini_chain
IZAKAYA,The Izakaya,3,2,THE IZAKAYA | IZAKAYA,mini_chain
JACKS COFFEE,Jack's Coffee,3,1,JACK'S COFFEE,mini_chain
JACKSON HOLE,Jackson Hole,3,1,JACKSON HOLE,mini_chain
JADE GARDEN,Jade Garden,3,1,JADE GARDEN,mini_chain
JAJAJA MEXICANA,Jajaja Mexicana,3,1,JAJAJA MEXICANA,mini_chain
JALOPY THEATRE,Jalopy Theatre,3,1,JALOPY THEATRE,mini_chain
JAMAICA BREEZE RESTAURANT,Jamaica Breeze Restaurant,3,1,JAMAICA BREEZE RESTAURANT,mini_chain
FRAME,Frame,3,1,FRAME,mini_chain
JAMROCK JERK,Jamrock Jerk,3,1,JAMROCK JERK,mini_chain
JANIES LIFE CHANGING BAKED GOODS,Janie's Life-changing Baked Goods,3,2,JANIE'S LIFE-CHANGING BAKED GOODS | JANIE'S LIFE CHANGING BAKED GOODS,mini_chain
JERK HOUSE,Jerk House,3,1,JERK HOUSE,mini_chain
TANG,Tang,3,2,TANG | THE TANG,mini_chain
TAP NYC,Tap Nyc,3,1,TAP NYC,mini_chain
ARVACI COFFEE,Arvaci Coffee,3,1,ARVACI COFFEE,mini_chain
ATL WING SPOT,Atl Wing Spot,3,1,ATL WING SPOT,mini_chain
AUBI AND RAMSA,Aubi & Ramsa,3,1,AUBI & RAMSA,mini_chain
TOMS RESTAURANT,Tom's Restaurant,3,1,TOM'S RESTAURANT,mini_chain
HUMMUS AND PITA,The Hummus & Pita Co.,3,2,THE HUMMUS & PITA CO. | HUMMUS & PITA CO,mini_chain
HUMMUS KITCHEN,Hummus Kitchen,3,1,HUMMUS KITCHEN,mini_chain
HUNNY,Hunny,3,1,HUNNY,mini_chain
HYDERABADI ZAIQA,Hyderabadi Zaiqa,3,1,HYDERABADI ZAIQA,mini_chain
FRUITTI YUMMI,Fruitti Yummi,3,1,FRUITTI YUMMI,mini_chain
FUNNY FACE BAKERY,Funny Face Bakery,3,1,FUNNY FACE BAKERY,mini_chain
TEPPANYAKI ONE JAPANESE GRILL,Teppanyaki One Japanese Grill,3,1,TEPPANYAKI ONE JAPANESE GRILL,mini_chain
AUNTIE ANNES CINNABON CARVEL,Auntie Anne's / Cinnabon / Carvel,3,3,Auntie Anne’s/ Cinnabon/ Carvel | Auntie Anne's / Cinnabon / Carvel | AUNTIE ANNE'S / CINNABON / CARVEL,mini_chain
AURA,Aura,3,2,AURA 57 | AURA,mini_chain
AVOCADO SUSHI,Avocado Sushi,3,1,AVOCADO SUSHI,mini_chain
AVRA ESTIATORIO,Avra Estiatorio,3,1,AVRA ESTIATORIO,mini_chain
TERIYAKI BOWL,Teriyaki Bowl,3,1,TERIYAKI BOWL,mini_chain
HAWA SMOOTHIES AND BUBBLE TEA,Hawa Smoothies & Bubble Tea,3,1,HAWA SMOOTHIES & BUBBLE TEA,mini_chain
HEALTHY FRESH,Healthy Fresh,3,3,HEALTHY FRESH | HEALTHY FRESH 4 | HEALTHY FRESH 3,mini_chain
HERBIES BURGERS,Herbie's Burgers,3,1,HERBIE'S BURGERS,mini_chain
HOLE IN THE WALL,Hole In The Wall,3,1,HOLE IN THE WALL,mini_chain
HOLY COW,Holy Cow,3,1,HOLY COW,mini_chain
GARDEN MARKET,Garden Market,3,1,GARDEN MARKET,mini_chain
GEORGES,George's,3,1,GEORGE'S,mini_chain
HOLY COW BURGERS,Holy Cow Burgers,3,1,HOLY COW BURGERS,mini_chain
HOLY PITA,Holy Pita,3,1,HOLY PITA,mini_chain
HONG KONG KITCHEN,Hong Kong Kitchen,3,1,HONG KONG KITCHEN,mini_chain
HONG KONG RESTAURANT,Hong Kong Restaurant,3,1,HONG KONG RESTAURANT,mini_chain
HOOK AND REEL CAJUN SEAFOOD AND BAR,Hook & Reel Cajun Seafood & Bar,3,1,HOOK & REEL CAJUN SEAFOOD & BAR,mini_chain
HOT BAGELS,Hot Bagels,3,1,HOT BAGELS,mini_chain
THAYA,Thaya,3,1,THAYA,mini_chain
THISBOWL,Thisbowl,3,1,THISBOWL,mini_chain
TIPSY SCOOP,Tipsy Scoop,3,1,TIPSY SCOOP,mini_chain
TRIONAS,Triona's,3,1,TRIONA'S,mini_chain
TROPICAL JADE,Tropical Jade 1,3,3,TROPICAL JADE 1 | TROPICAL JADE 2 | TROPICAL JADE 4,mini_chain
TSAOCAA,Tsaocaa,3,1,TSAOCAA,mini_chain
TWENTYONEGRAINS,Twentyonegrains,3,1,TWENTYONEGRAINS,mini_chain
AREA,Area 53,3,1,AREA 53,mini_chain
ARIA,Aria,3,1,ARIA,mini_chain
ARITZIA,Aritzia,3,1,ARITZIA,mini_chain
ARMANDOS PIZZA,Armando's Pizza,3,1,ARMANDO'S PIZZA,mini_chain
TWO HANDS,Two Hands,3,1,TWO HANDS,mini_chain
HARDEE,Hardee,3,1,HARDEE,mini_chain
GLAZE,Glaze,3,1,GLAZE,mini_chain
GOLDEN PALACE,Golden Palace,3,1,GOLDEN PALACE,mini_chain
GOLDEN WOK,Golden Wok,3,2,GOLDEN WOK | Golden Wok,mini_chain
HAWA,Hawa,3,1,HAWA,mini_chain
HAWA SMOOTHIE,Hawa Smoothie,3,1,HAWA SMOOTHIE,mini_chain
HAWA SMOOTHIE AND BUBBLE TEA,Hawa Smoothie & Bubble Tea,3,1,HAWA SMOOTHIE & BUBBLE TEA,mini_chain
YAYA TEA,Yaya Tea,3,1,YAYA TEA,mini_chain
GREAT WALL CHINESE RESTAURANT,Great Wall Chinese Restaurant,3,1,GREAT WALL CHINESE RESTAURANT,mini_chain
GREATS OF CRAFT,The Greats Of Craft,3,1,THE GREATS OF CRAFT,mini_chain
GREEK KITCHEN,Greek Kitchen,3,2,GREEK KITCHEN | THE GREEK KITCHEN,mini_chain
GREEK XPRESS,Greek Xpress,3,1,GREEK XPRESS,mini_chain
GYRO WORLD,Gyro World,3,1,GYRO WORLD,mini_chain
WAGAMAMA,Wagamama,3,1,WAGAMAMA,mini_chain
WATCHHOUSE COFFEE,Watchhouse Coffee,3,1,WATCHHOUSE COFFEE,mini_chain
WHOOPIE COMPANY,Whoopie Company,3,1,WHOOPIE COMPANY,mini_chain
ACES PIZZA,Ace's Pizza,3,2,ACE'S PIZZA | ACE’S PIZZA,mini_chain
ALAMO DRAFTHOUSE CINEMA,Alamo Drafthouse Cinema,3,1,ALAMO DRAFTHOUSE CINEMA,mini_chain
WIMPYS,Wimpy's,3,1,WIMPY'S,mini_chain
VILLAGE SQUARE PIZZA,Village Square Pizza,3,1,VILLAGE SQUARE PIZZA,mini_chain
AMPLE HILLS CREAMERY,Ample Hills Creamery,3,1,AMPLE HILLS CREAMERY,mini_chain
VIVA LA DOUGH,Viva La Dough,3,2,VIVA LA DOUGH | VIVA LA DOUGH LLC,mini_chain
UBANI,Ubani,3,1,UBANI,mini_chain
MOMO ASHI,Momo Ashi,3,1,MOMO ASHI,mini_chain
MOONBURGER,Moonburger,3,1,MOONBURGER,mini_chain
MOTORINO,Motorino,3,1,MOTORINO,mini_chain
COUNTRY DONUTS,Country Donuts,3,2,COUNTRY DONUTS | Country Donuts,mini_chain
COURT STREET GROCERS,Court Street Grocers,3,1,COURT STREET GROCERS,mini_chain
COURTYARD BY MARRIOTT,Courtyard By Marriott,3,1,COURTYARD BY MARRIOTT,mini_chain
CRAFT CARRY,Craft + Carry,3,1,CRAFT + CARRY,mini_chain
MR WISH,Mr. Wish,3,1,MR. WISH,mini_chain
MR WONTON,Mr. Wonton,3,1,MR. WONTON,mini_chain
98K CHICKEN AND BURGER,98k Chicken&burger,3,1,98k chicken&burger,mini_chain
ZAAB ZAAB,Zaab Zaab,3,1,ZAAB ZAAB,mini_chain
ZAROS BREAD BASKET,Zaro's Bread Basket,3,1,ZARO'S BREAD BASKET,mini_chain
ZINGER HALAL EXPRESS,Zinger Halal Express,3,1,ZINGER HALAL EXPRESS,mini_chain
WOLFGANGS STEAKHOUSE,Wolfgang's Steakhouse,3,1,WOLFGANG'S STEAKHOUSE,mini_chain
WOLFNIGHTS,Wolfnights,3,1,WOLFNIGHTS,mini_chain
YAAAS TEA,Yaaas Tea,3,1,YAAAS TEA,mini_chain
ZURI COFFEE,Zuri Coffee,2,1,ZURI COFFEE,mini_chain
2788 BAGELS,2788 Bagels,2,1,2788 BAGELS,mini_chain
3 COFFEE,3 Coffee,2,2,:3 COFFEE | 3 COFFEE,mini_chain
3M BAR AND GRILL,3m Bar & Grill,2,1,3M BAR & GRILL,mini_chain
ACAPULCO,Acapulco,2,1,ACAPULCO,mini_chain
AC BENTO,Ac Bento,2,1,AC BENTO,mini_chain
ABSOLUTE COFFEE,Absolute Coffee,2,1,ABSOLUTE COFFEE,mini_chain
ABOVE BALLROOM,Above Ballroom,2,1,ABOVE BALLROOM,mini_chain
ABOUT COFFEE,About Coffee,2,1,ABOUT COFFEE,mini_chain
AA ADMIRALS CLUB,Aa Admirals Club,2,1,AA ADMIRALS CLUB,mini_chain
A1 CHATERAISE AND DONUTS BAKERY,A1 Chateraise & Donuts Bakery,2,1,A1 CHATERAISE & DONUTS BAKERY,mini_chain
A LO PERUCHO,A Lo Perucho,2,1,A LO PERUCHO,mini_chain
A BAR,A Bar,2,1,A BAR,mini_chain
99C PIZZA,99c Pizza,2,1,99C PIZZA,mini_chain
99 CENTS DELICIOUS PIZZA,99 Cents Delicious Pizza,2,1,99 CENTS DELICIOUS PIZZA,mini_chain
98K HAMBURGER,98k Hamburger,2,1,98K HAMBURGER,mini_chain
YAWNING COBRA,Yawning Cobra,2,1,YAWNING COBRA,mini_chain
YASOUVLAKI,Yasouvlaki,2,1,YASOUVLAKI,mini_chain
YANN NURY NYC,Yann Nury Nyc,2,1,YANN NURY NYC,mini_chain
YALE CLUB,The Yale Club,2,2,YALE CLUB | THE YALE CLUB,mini_chain
HADRAMOUT,Hadramout,2,1,HADRAMOUT,mini_chain
H AND H MIDTOWN BAGELS EAST,H&h Midtown Bagels East,2,1,H&H MIDTOWN BAGELS EAST,mini_chain
GRIND COFFEE BAR,The Grind Coffee Bar,2,2,THE GRIND COFFEE BAR CORPORATION | THE GRIND COFFEE BAR,mini_chain
GRILL POINT,Grill Point,2,1,GRILL POINT,mini_chain
GREENPOINT CAFE AND BAKERY,Greenpoint Cafe & Bakery,2,1,GREENPOINT CAFE & BAKERY,mini_chain
GREEN OVEN PIZZA,Green Oven Pizza,2,1,GREEN OVEN PIZZA,mini_chain
GREEN MANDALA,Green Mandala,2,1,GREEN MANDALA,mini_chain
GREEN LANE COFFEE,Green Lane Coffee,2,1,GREEN LANE COFFEE,mini_chain
GREEN KITCHEN,Green Kitchen,2,1,GREEN KITCHEN,mini_chain
GREAT DRAGON,Great Dragon,2,1,GREAT DRAGON,mini_chain
GYRO CITY,Gyro City,2,1,GYRO CITY,mini_chain
GUTTER,The Gutter,2,1,THE GUTTER,mini_chain
GUMPTION COFFEE,Gumption Coffee,2,1,GUMPTION COFFEE,mini_chain
GUATEMEX,Guatemex,2,1,GUATEMEX,mini_chain
GUATELINDA,Guatelinda,2,1,GUATELINDA,mini_chain
GUACTIME,Guactime,2,1,GUACTIME,mini_chain
GRAND GREAT WALL,Grand Great Wall,2,1,GRAND GREAT WALL,mini_chain
GOTTA GETTA BAGEL,Gotta Getta Bagel,2,1,GOTTA GETTA BAGEL,mini_chain
GOOD TASTE CHINESE RESTAURANT,Good Taste Chinese Restaurant,2,1,GOOD TASTE CHINESE RESTAURANT,mini_chain
GOOD HOPE RESTAURANT,Good Hope Restaurant,2,1,GOOD HOPE RESTAURANT,mini_chain
GOOD FRIENDS,Good Friends,2,2,GOOD FRIENDS | GOOD FRIENDS 1,mini_chain
GOOD DAYS,Good Days,2,1,GOOD DAYS,mini_chain
GOO GONG TAN,Goo Gong Tan,2,1,GOO GONG TAN,mini_chain
GONGCHA,Gongcha,2,1,GONGCHA,mini_chain
HAMZA AND MADINA HALAL FOOD,Hamza & Madina Halal Food,2,1,HAMZA & MADINA HALAL FOOD,mini_chain
HALALBEES,Halalbee's,2,1,HALALBEE'S,mini_chain
HALAL XPRESS,Halal Xpress,2,1,HALAL XPRESS,mini_chain
HALAL N OUT,Halal N Out,2,1,HALAL N OUT,mini_chain
HALAL MIX,Halal Mix,2,2,HALAL MIX | Halal Mix,mini_chain
HALAL CHICKEN N CHAPLI,Halal Chicken N Chapli,2,2,HALAL CHICKEN N CHAPLI | HALAL CHICKEN-N-CHAPLI,mini_chain
HALAL BROS,Halal Bros,2,1,HALAL BROS,mini_chain
HAINAN JONES,Hainan Jones,2,1,HAINAN JONES,mini_chain
GOLDEN KRUST CARIBBEAN RESTAURANT,Golden Krust Caribbean Restaurant,2,1,GOLDEN KRUST CARIBBEAN RESTAURANT,mini_chain
GOLDEN DRAGON RESTAURANT,Golden Dragon Restaurant,2,1,GOLDEN DRAGON RESTAURANT,mini_chain
GOLDEN DRAGON,Golden Dragon,2,1,GOLDEN DRAGON,mini_chain
GO BAGELS,Go Bagels,2,1,GO BAGELS,mini_chain
GLACE BY NOGLU,Glace By Noglu,2,1,GLACE BY NOGLU,mini_chain
HATCH,Hatch,2,2,THE HATCH | HATCH,mini_chain
HARLEM SHAKE,Harlem Shake,2,1,HARLEM SHAKE,mini_chain
HARAZ COFFEE HOUSE,Haraz Coffee House,2,1,HARAZ COFFEE HOUSE,mini_chain
HAPPY WORLD,Happy World,2,1,HAPPY WORLD,mini_chain
HAPPY WOK,Happy Wok,2,1,HAPPY WOK,mini_chain
HAPPY L FOOD,Happy L Food,2,1,HAPPY L FOOD INC,mini_chain
HAPPY KITCHEN,Happy Kitchen,2,1,HAPPY KITCHEN,mini_chain
HAPPY GARDEN CHINESE RESTAURANT,Happy Garden Chinese Restaurant,2,1,HAPPY GARDEN CHINESE RESTAURANT,mini_chain
HANA ASIAN BISTRO,Hana Asian Bistro,2,1,HANA ASIAN BISTRO,mini_chain
GRAND SLAM BANQUET HALL,Grand Slam Banquet Hall,2,1,GRAND SLAM BANQUET HALL,mini_chain
GRAND SICHUAN EASTERN,Grand Sichuan Eastern,2,1,GRAND SICHUAN EASTERN,mini_chain
HIGHBALL,Highball,2,2,HIGHBALL LTD. | HIGHBALL,mini_chain
HIDDEN GROUNDS,Hidden Grounds,2,1,HIDDEN GROUNDS,mini_chain
HIBACHI EXPRESS,Hibachi Express,2,1,HIBACHI EXPRESS,mini_chain
HI SUSHI,Hi Sushi,2,2,HI SUSHI 278 INC. | HI SUSHI,mini_chain
HI FRY,Hi Fry,2,1,HI FRY,mini_chain
HEY YOGURT,Hey Yogurt,2,1,HEY YOGURT,mini_chain
HEX AND COMPANY,Hex & Company,2,2,HEX & COMPANY | HEX AND COMPANY,mini_chain
HENRYS,Henry's,2,1,HENRY'S,mini_chain
HEN HOUSE,Hen House,2,1,HEN HOUSE,mini_chain
HELLO SWEET SPOT,Hello Sweet Spot,2,1,HELLO SWEET SPOT,mini_chain
HDR HOLDINGS NEW YORK,Hdr Holdings New York,2,1,HDR HOLDINGS NEW YORK LLC,mini_chain
HAWAII POKE BOWL,Hawaii Poke Bowl,2,1,HAWAII POKE BOWL,mini_chain
GOLDMAN SACHS,Goldman Sachs,2,1,GOLDMAN SACHS,mini_chain
GOLDEN STEAMER,Golden Steamer,2,1,GOLDEN STEAMER,mini_chain
GOLDEN STAR,Golden Star,2,1,GOLDEN STAR,mini_chain
GOLDEN RING,Golden Ring,2,1,GOLDEN RING,mini_chain
GENKI SUSHI,Genki Sushi,2,1,GENKI SUSHI,mini_chain
GELATOVILLE,Gelatoville,2,1,GELATOVILLE,mini_chain
GATCHA,Gatcha,2,1,GATCHA,mini_chain
GATA GOLOSA,Gata Golosa,2,1,GATA GOLOSA,mini_chain
GARDEN PUB,Garden Pub,2,1,GARDEN PUB,mini_chain
GARDEN MARKET HOT DOG CONCESSION,Garden Market Hot Dog Concession,2,1,GARDEN MARKET HOT DOG CONCESSION,mini_chain
HOLY BURGER,Holy Burger,2,1,HOLY BURGER,mini_chain
HOKKAIDO BAKED CHEESE TART,Hokkaido Baked Cheese Tart,2,1,HOKKAIDO BAKED CHEESE TART,mini_chain
HIVE MIND BOOKS,Hive Mind Books,2,1,HIVE MIND BOOKS,mini_chain
HISTORY,History,2,2,History | HISTORY,mini_chain
HINOMARU RAMEN,Hinomaru Ramen,2,1,HINOMARU RAMEN,mini_chain
HIMALAYAN CURRY HOUSE,Himalayan Curry House,2,1,HIMALAYAN CURRY HOUSE,mini_chain
HILTON GARDEN INN,Hilton Garden Inn,2,1,HILTON GARDEN INN,mini_chain
HILL COUNTRY BARBECUE MARKET,Hill Country Barbecue Market,2,1,HILL COUNTRY BARBECUE MARKET,mini_chain
HIGHLINE CAFE,Highline Cafe,2,1,HIGHLINE CAFE,mini_chain
HIGHLANDERS STAND,Highlanders (stand 318),2,2,HIGHLANDERS - STAND 310 | HIGHLANDERS (STAND 318),mini_chain
HUNAN NOODLE,Hunan Noodle,2,1,HUNAN NOODLE,mini_chain
HUNAN DELIGHT,Hunan Delight,2,1,HUNAN DELIGHT,mini_chain
HUDSON RIVER TRADING,Hudson River Trading,2,1,HUDSON RIVER TRADING,mini_chain
HUDSON,Hudson,2,2,HUDSON | HUDSON 34,mini_chain
HUB,The Hub,2,1,THE HUB,mini_chain
HOT SLICES PIZZA,Hot Slices Pizza,2,1,HOT SLICES PIZZA,mini_chain
HORUS CAFE,Horus Cafe,2,1,HORUS CAFE,mini_chain
HOPS HILL,Hops Hill,2,1,HOPS HILL,mini_chain
HONG KONG GOURMET,Hong Kong Gourmet,2,1,HONG KONG GOURMET,mini_chain
HOMETOWN BAR B QUE,Hometown Bar-b-que,2,1,HOMETOWN BAR-B-QUE,mini_chain
HOME FRITE,Home Frite,2,1,HOME FRITE,mini_chain
GINBOS HAMBURGER HOUSE,Ginbo's Hamburger House,2,1,GINBO'S HAMBURGER HOUSE,mini_chain
GHOROA,Ghoroa,2,1,GHOROA,mini_chain
GEORGIES,Georgie's,2,1,GEORGIE'S,mini_chain
GEO KHINKALI,Geo Khinkali,2,1,GEO KHINKALI,mini_chain
GENOS FISH AND CHIPS,Geno's Fish & Chips,2,2,GENOS FISH & CHIPS | GENO'S FISH & CHIPS,mini_chain
HYUN,Hyun,2,1,HYUN,mini_chain
GARDEN BAR AND GRILL,Garden Bar & Grill,2,2,THE GARDEN BAR & GRILL | GARDEN BAR & GRILL,mini_chain
GAN HOO BBQ,Gan-hoo Bbq,2,1,GAN-HOO BBQ,mini_chain
GALLEGO SEAFOOD,Gallego Seafood,2,1,GALLEGO SEAFOOD,mini_chain
GALLAGHERS,Gallagher's,2,2,GALLAGHER'S | GALLAGHER'S 2000,mini_chain
GAI CHICKEN AND RICE,Gai Chicken & Rice,2,1,GAI CHICKEN & RICE,mini_chain
FUSION EAST,Fusion East,2,2,"FUSION EAST, LLC | FUSION EAST",mini_chain
FULEEN PALACE,Fuleen Palace,2,1,FULEEN PALACE,mini_chain
FUEL FEVER,Fuel Fever,2,1,FUEL FEVER,mini_chain
FRISSON ESPRESSO,Frisson Espresso,2,2,FRISSON ESPRESSO | FRISSON ESPRESSO 44,mini_chain
FRIEND OF A FARMER,Friend Of A Farmer,2,1,FRIEND OF A FARMER,mini_chain
FRIED DAY,Fried Day,2,1,FRIED DAY,mini_chain
HUTCH AND WALDO,Hutch & Waldo,2,1,HUTCH & WALDO,mini_chain
HUNT AND FISH CLUB,Hunt & Fish Club,2,1,HUNT & FISH CLUB,mini_chain
HUNGRY BIRD,Hungry Bird,2,1,HUNGRY BIRD,mini_chain
HUNCHOS HALAL SPOT,Hunchos Halal Spot,2,1,HUNCHOS HALAL SPOT,mini_chain
JAMAICA FISH MARKET,Jamaica Fish Market,2,1,JAMAICA FISH MARKET,mini_chain
JALAPENO SHACK,Jalapeno Shack,2,1,JALAPENO SHACK,mini_chain
JACOBS PICKLES,Jacob's Pickles,2,1,JACOB'S PICKLES,mini_chain
ISLAND GRILL,Island Grill,2,1,ISLAND GRILL,mini_chain
IPPUDO,Ippudo,2,1,IPPUDO,mini_chain
IPIZZA NY,Ipizza Ny,2,1,IPIZZA NY,mini_chain
INTOXX FITNESS,Intoxx Fitness,2,1,INTOXX FITNESS,mini_chain
INTERNATIONAL COFFEE SHOP,International Coffee Shop,2,1,INTERNATIONAL COFFEE SHOP,mini_chain
INTERLUDE COFFEE AND TEA,Interlude Coffee & Tea,2,1,INTERLUDE COFFEE & TEA,mini_chain
INDICO COFFEE,Indico Coffee,2,2,INDICO COFFEE | INDICO COFFEE CO,mini_chain
INCA PAISA,Inca Paisa,2,1,INCA PAISA,mini_chain
IMPACT KITCHEN,Impact Kitchen,2,1,IMPACT KITCHEN,mini_chain
IL MULINO,Il Mulino,2,1,IL MULINO,mini_chain
IGGYS,Iggy's,2,1,IGGY'S,mini_chain
IDAHO,Idaho,2,2,IDAHO | Idaho,mini_chain
ICERA,Icera,2,2,ICERA LLC | ICERA,mini_chain
JANE STREET,Jane Street,2,1,JANE STREET,mini_chain
FRESH TORTILLAS,Fresh Tortillas,2,1,FRESH TORTILLAS,mini_chain
FRESH TACO,Fresh Taco,2,1,FRESH TACO,mini_chain
FRESH KITCHEN,Fresh Kitchen,2,2,FRESH KITCHEN | FRESH KITCHEN 725,mini_chain
FRENCHETTE BAKERY,Frenchette Bakery,2,1,FRENCHETTE BAKERY,mini_chain
FRATELLIS PIZZERIA,Fratelli's Pizzeria,2,1,FRATELLI'S PIZZERIA,mini_chain
FRANKLIN PIZZA,Franklin Pizza,2,1,FRANKLIN PIZZA,mini_chain
FRANKLIN,Franklin 820,2,2,THE FRANKLIN | FRANKLIN 820,mini_chain
FRANKIE AND JOHNNIES STEAKHOUSE,Frankie & Johnnie's Steakhouse,2,1,FRANKIE & JOHNNIE'S STEAKHOUSE,mini_chain
FOYER AT NEW YORK VINTNERS,The Foyer At New York Vintners,2,1,THE FOYER AT NEW YORK VINTNERS,mini_chain
FOUR FOUR SOUTH VILLAGE,Four Four South Village,2,1,FOUR FOUR SOUTH VILLAGE,mini_chain
FORTUNE,Fortune,2,1,FORTUNE,mini_chain
FORNINO,Fornino,2,1,FORNINO,mini_chain
FORMOSA,Formosa,2,1,FORMOSA,mini_chain
FORMA PASTA FACTORY,Forma Pasta Factory,2,1,FORMA PASTA FACTORY,mini_chain
JAMBA JUICE,Jamba Juice,2,1,JAMBA JUICE,mini_chain
FOREST HILLS BAGELS,Forest Hills Bagels,2,2,FOREST HILLS BAGELS INC | FOREST HILLS BAGELS,mini_chain
FONDA,Fonda,2,1,FONDA,mini_chain
FLORINDA RESTAURANT,Florinda Restaurant,2,2,Florinda Restaurant | FLORINDA RESTAURANT,mini_chain
FLORENTIN,Florentin,2,1,FLORENTIN,mini_chain
FLOR DE MAYO,Flor De Mayo,2,1,FLOR DE MAYO,mini_chain
FLATIRON ROOM,The Flatiron Room,2,1,THE FLATIRON ROOM,mini_chain
FLAT OUT BURGER,Flat Out Burger,2,1,FLAT OUT BURGER,mini_chain
FLAMIN CHICKEN AND PIZZA,Flamin' Chicken & Pizza,2,1,FLAMIN' CHICKEN & PIZZA,mini_chain
JIANG NAN,Jiang Nan,2,2,JIANG NAN | JIANG NAN (101),mini_chain
JI YOU BRAISED FOOD,Ji You Braised Food,2,1,JI YOU BRAISED FOOD,mini_chain
JI BEI CHUAN,Ji Bei Chuan,2,1,JI BEI CHUAN,mini_chain
JERRYS PIZZA,Jerry's Pizza,2,1,JERRY'S PIZZA,mini_chain
JEHOVA JIREH DELI GROCERY,Jehova Jireh Deli Grocery,2,1,JEHOVA JIREH DELI GROCERY,mini_chain
JEFERINO TOMAS,Jeferino Tomas,2,1,JEFERINO TOMAS,mini_chain
JAVELINA,Javelina,2,1,JAVELINA,mini_chain
JANETS PIZZA,Janet's Pizza,2,1,JANET'S PIZZA,mini_chain
FIRST STOP BAR AND GRILL,First Stop Bar & Grill,2,1,FIRST STOP BAR & GRILL,mini_chain
FIRST RAY OPERATIONS NEW YORK,First Ray Operations (new York),2,1,FIRST RAY OPERATIONS (NEW YORK) LLC,mini_chain
FIRE WOK,Fire Wok,2,1,FIRE WOK,mini_chain
FIORE HARLEM,Fiore Harlem,2,1,FIORE HARLEM,mini_chain
FINI PIZZA,Fini Pizza,2,1,FINI PIZZA,mini_chain
FINI PATIO BAR,Fini Patio Bar,2,1,FINI PATIO BAR,mini_chain
FINEST SUSHI,Finest Sushi,2,1,FINEST SUSHI,mini_chain
FINE FOOD CUISINE,Fine Food Cuisine,2,2,FINE FOOD CUISINE INC. | FINE FOOD CUISINE,mini_chain
JOES PIZZA AND PASTA,Joe's Pizza & Pasta,2,2,JOES PIZZA & PASTA | JOE'S PIZZA & PASTA,mini_chain
JOE AND SALS PIZZERIA,Joe & Sal's Pizzeria,2,1,JOE & SAL'S PIZZERIA,mini_chain
JOE AND PATS,Joe & Pat's,2,1,JOE & PAT'S,mini_chain
JIN XI,Jin Xi,2,2,JIN XI 99 INC | JIN XI,mini_chain
JIN NOODLE AND SUSHI,Jin Noodle & Sushi,2,2,JIN NOODLE & SUSHI | JIN NOODLE AND SUSHI,mini_chain
JIMMY JOHNS,Jimmy John's,2,1,JIMMY JOHN'S,mini_chain
JIMBOS HAMBURGERS,Jimbo's Hamburgers,2,1,JIMBO'S HAMBURGERS,mini_chain
JIMBOS HAMBURGER PLACE,Jimbo's Hamburger Place,2,1,JIMBO'S HAMBURGER PLACE,mini_chain
K STREET FOOD,K-street Food,2,1,K-STREET FOOD,mini_chain
JUSTINOS PIZZERIA,Justino's Pizzeria,2,2,JUSTINO'S PIZZERIA | JUSTINOS PIZZERIA,mini_chain
JUNKO SUSHI,Junko Sushi,2,1,JUNKO SUSHI,mini_chain
JUNIORS,Junior's,2,1,JUNIOR'S,mini_chain
JUNGLE BOWLS,Jungle Bowls,2,1,JUNGLE BOWLS,mini_chain
JUMBO PIZZA,Jumbo Pizza 2,2,1,JUMBO PIZZA 2,mini_chain
JUKE BAR,Juke Bar,2,1,JUKE BAR,mini_chain
JUICY BOX,The Juicy Box,2,1,THE JUICY BOX,mini_chain
JUICES FOR LIFE,Juices For Life,2,1,JUICES FOR LIFE,mini_chain
JUICE HAUS,Juice Haus,2,1,JUICE HAUS,mini_chain
JUICE FOR LIFE,Juice For Life,2,1,JUICE FOR LIFE,mini_chain
JUDYS,Judy's,2,1,JUDY'S,mini_chain
JONGRO BBQ MARKET AYCE,Jongro Bbq Market Ayce,2,1,JONGRO BBQ MARKET AYCE,mini_chain
JOHNS PIZZERIA,John's Pizzeria,2,1,JOHN'S PIZZERIA,mini_chain
FISH WITH YOU,Fish With You,2,1,FISH WITH YOU,mini_chain
FISH CHEEKS,Fish Cheeks,2,1,FISH CHEEKS,mini_chain
KARAOKE DUET,Karaoke Duet,2,2,KARAOKE DUET 48 | KARAOKE DUET,mini_chain
KARAOKE CITY,Karaoke City,2,1,KARAOKE CITY,mini_chain
FIELDTRIP,Fieldtrip,2,1,FIELDTRIP,mini_chain
FIELDS GOOD CHICKEN,Fields Good Chicken,2,1,FIELDS GOOD CHICKEN,mini_chain
FIASCHETTERIA PISTOIA,Fiaschetteria Pistoia,2,1,FIASCHETTERIA PISTOIA,mini_chain
FELIX ROASTING,Felix Roasting Co.,2,1,FELIX ROASTING CO.,mini_chain
FATTY DADDY TACO,Fatty Daddy Taco,2,1,FATTY DADDY TACO,mini_chain
FAT DOUGHNUT,Fat Doughnut,2,1,FAT DOUGHNUT,mini_chain
FAT CAT FLATBREAD,Fat Cat Flatbread,2,2,FAT CAT FLATBREAD | FAT CAT FLATBREAD (#6),mini_chain
FAT BOYS BURGERS,Fat Boys Burgers,2,1,FAT BOYS BURGERS,mini_chain
FARMERS FRIDGE,Farmer's Fridge,2,2,FARMER'S FRIDGE | FARMERS FRIDGE,mini_chain
FANSWAY JAPANESE GRILL,Fansway Japanese Grill,2,1,FANSWAY JAPANESE GRILL,mini_chain
KARAOKE BOHO,Karaoke Boho,2,1,KARAOKE BOHO,mini_chain
KAM FUNG CHINESE RESTAURANT,Kam Fung Chinese Restaurant,2,1,KAM FUNG CHINESE RESTAURANT,mini_chain
KALHAR CAPITAL,Kalhar Capital,2,1,KALHAR CAPITAL INC.,mini_chain
KABAYAN,Kabayan,2,1,KABAYAN,mini_chain
KHALIL BIRYANI HOUSE,Khalil Biryani House,2,1,KHALIL BIRYANI HOUSE,mini_chain
KETTLE BLACK,The Kettle Black,2,1,THE KETTLE BLACK,mini_chain
FALAFEL TANAMI,Falafel Tanami,2,1,FALAFEL TANAMI,mini_chain
FACULTY HOUSE COLUMBIA UNIVERSITY,Faculty House - (columbia University),2,2,THE FACULTY HOUSE - (COLUMBIA UNIVERSITY) | FACULTY HOUSE - (COLUMBIA UNIVERSITY),mini_chain
FACTORY TAMAL,Factory Tamal,2,1,FACTORY TAMAL,mini_chain
FABRIQUE,Fabrique,2,1,FABRIQUE,mini_chain
F AND F PIZZERIA,F & F Pizzeria,2,2,F & F PIZZERIA | F&F PIZZERIA,mini_chain
EXECUTIVE DINING ROOM,Executive Dining Room,2,1,EXECUTIVE DINING ROOM,mini_chain
ESTRELLITA POBLANA,Estrellita Poblana,2,1,ESTRELLITA POBLANA,mini_chain
ESTIATORIO MILOS,Estiatorio Milos,2,1,ESTIATORIO MILOS,mini_chain
ESSEX SQUEEZE,Essex Squeeze,2,1,ESSEX SQUEEZE,mini_chain
KELLY D JAMAICAN AND AMERICAN RESTAURANT,Kelly D Jamaican And American Restaurant,2,1,KELLY D JAMAICAN AND AMERICAN RESTAURANT,mini_chain
KEBAB EXPRESS,Kebab Express,2,1,KEBAB EXPRESS,mini_chain
KATZS DELICATESSEN,Katz's Delicatessen,2,1,KATZ'S DELICATESSEN,mini_chain
KATI SHOP,Kati Shop,2,1,KATI SHOP,mini_chain
KATES CORNER CAFE,Kate's Corner Cafe,2,1,KATE'S CORNER CAFE,mini_chain
EPICERIE BOULUD,Epicerie Boulud,2,1,EPICERIE BOULUD,mini_chain
ENSO,Enso,2,1,ENSO,mini_chain
ENERUGI RAMEN,Enerugi Ramen,2,1,ENERUGI RAMEN,mini_chain
EMPIRE SZECHUAN GARDEN,Empire Szechuan Garden,2,1,EMPIRE SZECHUAN GARDEN,mini_chain
EMPIRE STEAK HOUSE,Empire Steak House,2,1,EMPIRE STEAK HOUSE,mini_chain
EMPIRE EAST,Empire East,2,1,EMPIRE EAST,mini_chain
EMPELLON,Empellon,2,1,EMPELLON,mini_chain
EMPANADAS RD,Empanadas Rd,2,1,EMPANADAS RD,mini_chain
KINGS CHEF,King's Chef,2,1,KING'S CHEF,mini_chain
KING RIVER,King River,2,1,KING RIVER,mini_chain
KING HOUSE,King House,2,1,KING HOUSE,mini_chain
KING GARDEN RESTAURANT,King Garden Restaurant,2,1,KING GARDEN RESTAURANT,mini_chain
KING DRAGON,King Dragon,2,2,KING DRAGON | KING DRAGON 188,mini_chain
KIKU SUSHI,Kiku Sushi,2,1,KIKU SUSHI,mini_chain
KIKOO SUSHI,Kikoo Sushi,2,1,KIKOO SUSHI,mini_chain
KI SUSHI,Ki Sushi,2,1,KI SUSHI,mini_chain
KONG SIHK TONG,Kong Sihk Tong,2,1,KONG SIHK TONG,mini_chain
KONDITORI,Konditori,2,1,KONDITORI,mini_chain
KONBAN NYC,Konban Nyc,2,1,KONBAN NYC,mini_chain
KOMEME AHORA,Komeme Ahora,2,2,KOMEME AHORA LLC | KOMEME AHORA,mini_chain
KOME KOME,Dba Kome Kome,2,2,DBA KOME KOME | KOME KOME,mini_chain
KOLKATA CHAI,Kolkata Chai Co,2,2,KOLKATA CHAI CO. | KOLKATA CHAI CO,mini_chain
KOKE,Koke,2,1,KOKE,mini_chain
KOGANE RAMEN,Kogane Ramen,2,1,KOGANE RAMEN,mini_chain
KOFEE,Kofee,2,1,KOFEE,mini_chain
KOBA,Koba,2,1,KOBA,mini_chain
KKINI,Kkini,2,1,KKINI,mini_chain
KITH TREATS,Kith Treats,2,1,KITH TREATS,mini_chain
KITARO,Kitaro,2,1,KITARO,mini_chain
KIRBEES,Kirbee's,2,1,KIRBEE'S,mini_chain
KINGSTON TROPICAL BAKERY,Kingston Tropical Bakery,2,1,KINGSTON TROPICAL BAKERY,mini_chain
ERONI T,Eroni T,2,1,ERONI T INC,mini_chain
KYURAMEN TBAAR,Kyuramen / Tbaar,2,1,KYURAMEN / TBAAR,mini_chain
KYURAMEN AND TBAAR,Kyuramen & Tbaar,2,1,KYURAMEN & TBAAR,mini_chain
KYO,Kyo,2,1,KYO,mini_chain
KYMA,Kyma,2,1,KYMA,mini_chain
KUU,Kuu,2,1,KUU,mini_chain
KUNGFU TEA,Kungfu Tea,2,1,KUNGFU TEA,mini_chain
KUNG FU LITTLE STEAMED BUNS RAMEN,Kung Fu Little Steamed Buns Ramen,2,1,KUNG FU LITTLE STEAMED BUNS RAMEN,mini_chain
KRAZY PIZZA AND WINGS,Krazy Pizza And Wings,2,1,KRAZY PIZZA AND WINGS,mini_chain
KRAVE IT PIZZA AND SANDWICH JOINT,Krave It Pizza & Sandwich Joint,2,1,KRAVE IT PIZZA & SANDWICH JOINT,mini_chain
KOVA,The Kova,2,1,THE KOVA,mini_chain
KOTOBUKI,Kotobuki,2,1,KOTOBUKI,mini_chain
KOTO SUSHI,Koto Sushi,2,1,KOTO SUSHI,mini_chain
KOSSARS,Kossar's,2,1,KOSSAR'S,mini_chain
KOSHER BAGEL HOLE,Kosher Bagel Hole,2,1,KOSHER BAGEL HOLE,mini_chain
KORIS EAT,Kori's Eat,2,2,KORI'S EAT | Kori's Eat,mini_chain
KOO THAI,Koo Thai,2,1,KOO THAI,mini_chain
LA BELLA PIZZERIA,La Bella Pizzeria,2,1,LA BELLA PIZZERIA,mini_chain
EMPANADA CITY,Empanada City,2,1,EMPANADA CITY,mini_chain
EMOJI BURGER,Emoji Burger,2,1,EMOJI BURGER,mini_chain
EMMAS TORCH,Emma's Torch,2,1,EMMA'S TORCH,mini_chain
ELSA LA REINA DEL CHICHARRON,Elsa La Reina Del Chicharron,2,2,ELSA LA REINA DEL CHICHARRON | ELSA LA REINA DEL CHICHARRON 3,mini_chain
ELSA,Elsa,2,1,ELSA,mini_chain
ELLAS CANDY STREET,Ella's Candy Street,2,1,ELLA'S CANDY STREET,mini_chain
ELIOS,Elio's,2,1,ELIO'S,mini_chain
ELECTRIC ROOM,Electric Room,2,1,ELECTRIC ROOM,mini_chain
ELECTRIC BURRITO,Electric Burrito,2,1,ELECTRIC BURRITO,mini_chain
EL VIEJON,El Viejon,2,1,EL VIEJON,mini_chain
EL VIEJO YAYO,El Viejo Yayo,2,2,EL VIEJO YAYO 2 | EL VIEJO YAYO,mini_chain
LA ABUNDANCIA RESTAURANT AND BAKERY,La Abundancia Restaurant & Bakery,2,1,LA ABUNDANCIA RESTAURANT & BAKERY,mini_chain
LA ABUNDANCIA BAKERY AND RESTAURANT,La Abundancia Bakery & Restaurant,2,2,LA ABUNDANCIA BAKERY & RESTAURANT | LA ABUNDANCIA BAKERY AND RESTAURANT,mini_chain
L M CAFE,L. M. Cafe,2,2,L.M CAFE | L. M. CAFE,mini_chain
L AND B SPUMONI GARDENS,L&b Spumoni Gardens,2,1,L&B SPUMONI GARDENS,mini_chain
LA JUGUERIA,La Jugueria,2,1,LA JUGUERIA,mini_chain
LA ISLA RESTAURANT,La Isla Restaurant,2,1,LA ISLA RESTAURANT,mini_chain
LA ESQUINA CRIOLLA,La Esquina Criolla,2,2,LA ESQUINA CRIOLLA #2 | LA ESQUINA CRIOLLA,mini_chain
LA ESQUINA,La Esquina,2,1,LA ESQUINA,mini_chain
LA DULCE BAKERY,La Dulce Bakery,2,1,LA DULCE BAKERY,mini_chain
LA DONNA RES,La Donna Re's,2,1,LA DONNA RE'S,mini_chain
LA DINASTIA,La Dinastia,2,1,LA DINASTIA,mini_chain
LA COMPAGNIE,La Compagnie,2,1,LA COMPAGNIE,mini_chain
LA COCINA DE MAMA,La Cocina De Mama,2,1,LA COCINA DE MAMA,mini_chain
LA CHOZA DEL GORDO,La Choza Del Gordo,2,1,LA CHOZA DEL GORDO,mini_chain
LA CHACRA,La Chacra,2,1,LA CHACRA,mini_chain
LA CASA DEL TACO,La Casa Del Taco,2,1,LA CASA DEL TACO,mini_chain
LA CASA DE LA EMPANADA,La Casa De La Empanada,2,2,LA CASA DE LA EMPANADA 1 INC | LA CASA DE LA EMPANADA,mini_chain
LA CABANA SALVADORENA,La Cabana Salvadorena,2,1,LA CABANA SALVADORENA,mini_chain
LA BOMBONIERA,La Bomboniera,2,1,LA BOMBONIERA,mini_chain
LA BICYCLETTE BAKERY,La Bicyclette Bakery,2,1,LA BICYCLETTE BAKERY,mini_chain
EL POLLO PERUANO,El Pollo Peruano,2,2,EL POLLO PERUANO 2 | EL POLLO PERUANO,mini_chain
EL POLLO INKA PERU,El Pollo Inka Peru,2,1,EL POLLO INKA PERU,mini_chain
EL PERRO,El Perro,2,1,EL PERRO,mini_chain
EL PASO,El Paso,2,1,EL PASO,mini_chain
EL PALENQUE,El Palenque,2,1,EL PALENQUE,mini_chain
EL MEXICANO RESTAURANT,El Mexicano Restaurant,2,2,EL MEXICANO RESTAURANT # 6 INC | EL MEXICANO RESTAURANT,mini_chain
EL MEXICANO,El Mexicano,2,1,EL MEXICANO,mini_chain
EL MACO RESTAURANT,El Maco Restaurant,2,1,EL MACO RESTAURANT,mini_chain
EL KAMBUCHE DE LOLA,El Kambuche De Lola,2,2,EL KAMBUCHE DE LOLA 2 | EL KAMBUCHE DE LOLA,mini_chain
LA PIZZA ROMA,La Pizza Roma,2,2,LA PIZZA ROMA | LA PIZZA ROMA LLC,mini_chain
LA PARRILLADA COLOMBIANA,La Parrillada Colombiana,2,2,LA PARRILLADA COLOMBIANA 2 | LA PARRILLADA COLOMBIANA,mini_chain
LA PARADA II,La Parada Ii,2,1,LA PARADA II,mini_chain
LA PALAPA,La Palapa,2,1,LA PALAPA,mini_chain
LA NOXE,La Noxe,2,1,LA NOXE,mini_chain
LA MASA,La Masa,2,1,LA MASA,mini_chain
LA LUPE,La Lupe,2,1,LA LUPE,mini_chain
LARTE DEL GELATO,L'arte Del Gelato,2,1,L'ARTE DEL GELATO,mini_chain
LARRYS CA PHE,Larry's Ca Phe,2,1,LARRY'S CA PHE,mini_chain
LAO JIE HOTPOT,Lao Jie Hotpot,2,1,LAO JIE HOTPOT,mini_chain
LAGO KACHE,Lago Kache,2,2,LAGO KACHE LLC | LAGO KACHE,mini_chain
LAGHMAN EXPRESS,Laghman Express,2,1,LAGHMAN EXPRESS,mini_chain
LADY CHOW KITCHEN,Lady Chow Kitchen,2,1,LADY CHOW KITCHEN,mini_chain
LAANKEE,Laankee,2,1,LAANKEE,mini_chain
LA VILLA PIZZERIA,La Villa Pizzeria,2,1,LA VILLA PIZZERIA,mini_chain
LA TERNURA,La Ternura,2,1,LA TERNURA,mini_chain
LA SNACKERIA NYC,La Snackeria Nyc,2,1,LA SNACKERIA NYC,mini_chain
LA SAZON DEL MONO,La Sazon Del Mono,2,1,LA SAZON DEL MONO,mini_chain
LA SANDWICHERIE,La Sandwicherie,2,1,LA SANDWICHERIE,mini_chain
LA RUTA DEL TACO,La Ruta Del Taco,2,1,LA RUTA DEL TACO,mini_chain
LA ROSA CHICKEN AND GRILL,La Rosa Chicken & Grill,2,2,LA ROSA CHICKEN AND GRILL | LA ROSA CHICKEN & GRILL,mini_chain
LA QUINTA INN AND SUITES CENTRAL PARK,La Quinta Inn And Suites Central Park,2,1,LA QUINTA INN AND SUITES CENTRAL PARK,mini_chain
EL REY,El Rey,2,1,EL REY,mini_chain
EL COYOTE,El Coyote,2,1,EL COYOTE,mini_chain
EL CONDE BAR AND GRILL,El Conde Bar & Grill,2,1,EL CONDE BAR & GRILL,mini_chain
EL COCO,El Coco,2,1,EL COCO,mini_chain
EL CIBAO RESTAURANT,El Cibao Restaurant 4,2,2,El Cibao Restaurant | EL CIBAO RESTAURANT 4,mini_chain
EL CHURRO,El Churro,2,1,EL CHURRO,mini_chain
EL CHILTEPIN,El Chiltepin,2,2,EL CHILTEPIN 3 | EL CHILTEPIN INC,mini_chain
EL CASTILLO DE JAGUA,El Castillo De Jagua,2,1,EL CASTILLO DE JAGUA,mini_chain
EL CAMPEON DE LOS POLLOS,El Campeon De Los Pollos,2,2,EL CAMPEON DE LOS POLLOS 2 | EL CAMPEON DE LOS POLLOS,mini_chain
EL CALLAO,El Callao,2,1,EL CALLAO,mini_chain
EL BUDARE CAFE,El Budare Cafe,2,1,EL BUDARE CAFE,mini_chain
LE DIVE,Le Dive,2,1,LE DIVE,mini_chain
LAZA DESSERT CAFE,Laza Dessert Cafe,2,1,LAZA DESSERT CAFE,mini_chain
LAVAN,Lavan 541,2,2,LAVAN 641 | LAVAN 541,mini_chain
LATINO BITES,Latino Bites,2,1,LATINO BITES,mini_chain
LAST CALL,Last Call,2,2,THE LAST CALL | LAST CALL,mini_chain
LAS AMERICAS BAKERY,Las Americas Bakery,2,1,LAS AMERICAS BAKERY,mini_chain
LIMA,Lima,2,2,LIMA | LIMA 33,mini_chain
LILLIES,Lillie's,2,1,LILLIE'S,mini_chain
LILLI AND LOO,Lilli And Loo,2,1,LILLI AND LOO,mini_chain
LILI AND CATA,Lili And Cata,2,1,LILI AND CATA,mini_chain
LIKKLE MORE JERK,Likkle More Jerk,2,1,LIKKLE MORE JERK,mini_chain
LIFFY II BAR,Liffy Ii Bar,2,2,Liffy ii Bar | THE LIFFY II BAR,mini_chain
LIFE CAFE,Life Cafe,2,1,LIFE CAFE,mini_chain
LIC BAR,Lic Bar,2,1,LIC BAR,mini_chain
LER LERS,Ler Lers,2,1,LER LERS,mini_chain
LEOS PIZZA,Leo's Pizza,2,1,LEO'S PIZZA,mini_chain
LENAS ITALIAN KITCHEN,Lena's Italian Kitchen,2,1,LENA'S ITALIAN KITCHEN,mini_chain
LEGENDS,Legends 000,2,2,LEGENDS 100 | LEGENDS 000,mini_chain
LEE CHINESE RESTAURANT,Lee Chinese Restaurant,2,1,LEE CHINESE RESTAURANT,mini_chain
LEANLY CHINESE FOOD,Leanly Chinese Food,2,1,LEANLY CHINESE FOOD,mini_chain
LE PARISIEN,Le Parisien,2,1,LE PARISIEN,mini_chain
LE PARIS DAKAR,Le Paris Dakar,2,1,LE PARIS DAKAR,mini_chain
LINS JAPANESE RESTAURANT,Lins Japanese Restaurant,2,2,"LINS JAPANESE RESTAURANT LLC | LINS JAPANESE RESTAURANT, LLC",mini_chain
EL ARCOIRIS,El Arcoiris,2,1,EL ARCOIRIS,mini_chain
EIM KHAO MUN KAI,Eim Khao Mun Kai,2,1,EIM KHAO MUN KAI,mini_chain
EFFYS CAFE,Effy's Cafe,2,2,EFFYS CAFE | EFFY'S CAFE,mini_chain
EDITHS SANDWICH COUNTER,Edith's Sandwich Counter,2,1,EDITH'S SANDWICH COUNTER,mini_chain
ECHO LAKE,Echo Lake,2,1,ECHO LAKE,mini_chain
EASTWARD LONG ISLAND KITCHEN,Eastward Long Island Kitchen,2,2,EASTWARD LONG ISLAND KITCHEN | Eastward Long Island Kitchen,mini_chain
EASTERN RESTAURANT,Eastern Restaurant,2,1,EASTERN RESTAURANT,mini_chain
EAST WIND SNACK SHOP,East Wind Snack Shop,2,1,EAST WIND SNACK SHOP,mini_chain
EAST COAST STREET TACOS,East Coast Street Tacos,2,1,EAST COAST STREET TACOS,mini_chain
EARTHBAR EQUINOX,Earthbar @ Equinox,2,1,EARTHBAR @ EQUINOX,mini_chain
E AND AS BAKE N BREW,E&a's Bake N Brew,2,2,E&A’S BAKE N BREW | E&A'S BAKE N BREW,mini_chain
E A K RAMEN,E.a.k. Ramen,2,1,E.A.K. RAMEN,mini_chain
LINCOLN FRIED CHICKEN,Lincoln Fried Chicken,2,1,LINCOLN FRIED CHICKEN,mini_chain
LIN AND DAUGHTERS,Lin & Daughters,2,1,LIN & DAUGHTERS,mini_chain
LIMS KITCHEN,Lim's Kitchen,2,1,LIM'S KITCHEN,mini_chain
LOBBY BAR,Lobby Bar,2,1,LOBBY BAR,mini_chain
DUN HUANG,Dun Huang,2,1,DUN HUANG,mini_chain
DUMPLING XI,Dumpling Xi,2,1,DUMPLING XI,mini_chain
DUMPLING MAN,Dumpling Man,2,1,DUMPLING MAN,mini_chain
DUKE EATERY,Duke Eatery,2,1,DUKE EATERY,mini_chain
DRAGON BAY BAKERY,Dragon Bay Bakery,2,2,DRAGON BAY BAKERY | DRAGON BAY BAKERY 88,mini_chain
DOWNTOWN YOGURT,Downtown Yogurt,2,1,DOWNTOWN YOGURT,mini_chain
LLOYDS CARROT CAKE,Lloyd's Carrot Cake,2,1,LLOYD'S CARROT CAKE,mini_chain
LIVING ROOM,Living Room,2,2,THE LIVING ROOM | LIVING ROOM,mini_chain
LITTLE ULUH,Little Uluh,2,1,LITTLE ULUH,mini_chain
LITTLE ROY COFFEE,Little Roy Coffee Co,2,2,LITTLE ROY COFFEE CO. | LITTLE ROY COFFEE CO,mini_chain
LITTLE POKE SPOT,Little Poke Spot,2,1,LITTLE POKE SPOT,mini_chain
LITTLE CEASARS,Little Ceasars,2,1,LITTLE CEASARS,mini_chain
LITTLE BIGGS,Little Biggs,2,1,LITTLE BIGGS,mini_chain
LIONS MILK,Lion's Milk,2,1,LION'S MILK,mini_chain
LINSWAY GRILL AND TERIYAKI,Linsway Grill & Teriyaki,2,1,LINSWAY GRILL & TERIYAKI,mini_chain
DOUBLE KNOT,Double Knot,2,1,DOUBLE KNOT,mini_chain
DOUBLE DRAGON,Double Dragon,2,1,DOUBLE DRAGON,mini_chain
DOSA ROYALE,Dosa Royale,2,1,DOSA ROYALE,mini_chain
DOS CAMINOS,Dos Caminos,2,1,DOS CAMINOS,mini_chain
DONUT PUB,Donut Pub,2,2,DONUT PUB | THE DONUT PUB,mini_chain
DON POLLOS,Don Pollo's,2,2,DON POLLOS | DON POLLO'S,mini_chain
DON CEVICHE,Don Ceviche,2,1,DON CEVICHE,mini_chain
DON ANGIE,Don Angie,2,1,DON ANGIE,mini_chain
LUCKY HOUSE,Lucky House,2,1,LUCKY HOUSE,mini_chain
LUCKY DHABA,Lucky Dhaba,2,2,LUCKY DHABA | Lucky Dhaba,mini_chain
LUANNES WILD GINGER,Luanne's Wild Ginger,2,1,LUANNE'S WILD GINGER,mini_chain
LOUKOUMI TAVERNA,Loukoumi Taverna,2,1,LOUKOUMI TAVERNA,mini_chain
LOS PRIMOS,Los Primos,2,1,LOS PRIMOS,mini_chain
LOS 2 SABORES RESTAURANT,Los 2 Sabores Restaurant,2,2,LOS 2 SABORES RESTAURANT LLC | LOS 2 SABORES RESTAURANT,mini_chain
LOLAS,Lola's,2,1,LOLA'S,mini_chain
LOCANDA VERDE,Locanda Verde,2,1,LOCANDA VERDE,mini_chain
MAKI,Maki,2,1,MAKI,mini_chain
MAIN STREET COFFEE,Main Street Coffee,2,1,MAIN STREET COFFEE,mini_chain
MAIMONIDES PARK STAND,Maimonides Park Stand,2,2,MAIMONIDES PARK STAND #140 | MAIMONIDES PARK STAND # 110,mini_chain
MADISON CLUB,Madison Club,2,1,MADISON CLUB,mini_chain
MADISON CAFE,Madison Cafe,2,1,MADISON CAFE,mini_chain
MADAME SOUSOU,Madame Sousou,2,1,MADAME SOUSOU,mini_chain
M AND W BAKERY,M & W Bakery,2,1,M & W BAKERY,mini_chain
M AND G RESTAURANT,M & G Restaurant,2,2,M AND G RESTAURANT | M & G RESTAURANT,mini_chain
LUOS BURGERS,Luo's Burgers,2,1,LUO'S BURGERS,mini_chain
LUNETTA PIZZA,Lunetta Pizza,2,1,LUNETTA PIZZA,mini_chain
LUNA PIZZA,Luna Pizza,2,1,LUNA PIZZA,mini_chain
LULUS BAKERY,Lulu's Bakery,2,2,Lulu's Bakery | LULU'S BAKERY,mini_chain
LUIGIS PIZZERIA,Luigi's Pizzeria,2,1,LUIGI'S PIZZERIA,mini_chain
LUCYS,Lucy's,2,1,LUCY'S,mini_chain
LUCKYS,Lucky's,2,1,LUCKY'S,mini_chain
LUCKY STRIKE,Lucky Strike,2,1,LUCKY STRIKE,mini_chain
MAMA SUSHI,Mama Sushi,2,1,MAMA SUSHI,mini_chain
DOLCE BROOKLYN,Dolce Brooklyn,2,1,DOLCE BROOKLYN,mini_chain
DJERDAN,Djerdan,2,1,DJERDAN,mini_chain
DIVE,Dive 106,2,2,DIVE 75 | DIVE 106,mini_chain
DITMARS THAI,Ditmars Thai,2,1,DITMARS THAI,mini_chain
DISHES,Dishes,2,1,DISHES,mini_chain
DISCO NUTS NYC,Disco Nuts Nyc,2,2,Disco Nuts NYC | DISCO NUTS NYC,mini_chain
DIRTY TACO,Dirty Taco,2,1,DIRTY TACO,mini_chain
DINOSAUR BAR B QUE,Dinosaur Bar-b-que,2,1,DINOSAUR BAR-B-QUE,mini_chain
DINNER PARTY,Dinner Party,2,1,DINNER PARTY,mini_chain
DINER,Diner,2,2,DINER | DINER 24,mini_chain
DIMSUM GARDEN,Dimsum Garden,2,1,DIMSUM GARDEN,mini_chain
DIMES,Dimes,2,1,DIMES,mini_chain
MAMA G AFRICAN KITCHEN,Mama G African Kitchen,2,1,MAMA G AFRICAN KITCHEN,mini_chain
MALTA COFFEE,Malta Coffee,2,2,Malta Coffee | MALTA COFFEE,mini_chain
MALT HOUSE,The Malt House,2,1,THE MALT HOUSE,mini_chain
MARKET CRATES,Market Crates,2,1,MARKET CRATES,mini_chain
MARK RESTAURANT,The Mark Restaurant,2,1,THE MARK RESTAURANT,mini_chain
MARIANS,Marian's,2,1,MARIAN'S,mini_chain
MARCELLINO,Marcellino,2,1,MARCELLINO,mini_chain
MARBELLA,Marbella,2,1,MARBELLA,mini_chain
MARACA NYC,Maraca Nyc,2,1,MARACA NYC,mini_chain
MANSION,Mansion,2,2,MANSION | THE MANSION,mini_chain
MANNA HOUSE,Manna House,2,2,MANNA HOUSE INC | MANNA HOUSE,mini_chain
MANHATTANVILLE COFFEE,Manhattanville Coffee,2,1,MANHATTANVILLE COFFEE,mini_chain
MANGOS,Mangos 960,2,1,MANGOS 960,mini_chain
MANDARIN HOUSE,Mandarin House,2,1,MANDARIN HOUSE,mini_chain
MANCOA,Mancoa,2,1,MANCOA,mini_chain
MAMO RESTAURANT,Mamo Restaurant,2,1,MAMO RESTAURANT,mini_chain
MAMAS,Mama's,2,1,MAMA'S,mini_chain
MAMAJUANA CAFE,Mamajuana Cafe,2,1,MAMAJUANA CAFE,mini_chain
MAMA TACO,Mama Taco,2,1,MAMA TACO,mini_chain
MATCHA,Matcha 108,2,2,MATCHA 108 | MATCHA 116,mini_chain
MASTER WOK,Master Wok,2,1,MASTER WOK,mini_chain
DIG INN SEASONAL MARKET,Dig Inn Seasonal Market,2,1,DIG INN SEASONAL MARKET,mini_chain
DICK AND JANES BAR ROOM,Dick & Jane's Bar Room,2,1,DICK & JANE'S BAR ROOM,mini_chain
DEVINS FISH AND CHIPS,Devin's Fish & Chips,2,2,DEVINS FISH AND CHIPS | DEVIN'S FISH & CHIPS,mini_chain
DESTINATION DUMPLINGS,Destination Dumplings,2,1,DESTINATION DUMPLINGS,mini_chain
DESI PIZZA BITES,Desi Pizza Bites,2,1,DESI PIZZA BITES,mini_chain
DESI GALLI,Desi Galli,2,1,DESI GALLI,mini_chain
DELTA SKY CLUB,Delta Sky Club,2,1,DELTA SKY CLUB,mini_chain
DELICIOUS,Delicious,2,2,DELICIOUS 99 | DELICIOUS,mini_chain
DEL FRISCOS GRILLE,Del Frisco's Grille,2,1,DEL FRISCO'S GRILLE,mini_chain
DEJA VU,Deja Vu,2,1,DEJA VU,mini_chain
DEBUTEA,Debutea,2,1,DEBUTEA,mini_chain
DEAR COFFEE,Dear Coffee,2,1,DEAR COFFEE,mini_chain
MASQUERADE,Masquerade,2,1,MASQUERADE,mini_chain
MARKLE RESIDENCE,The Markle Residence,2,1,THE MARKLE RESIDENCE,mini_chain
METRO DINER,Metro Diner,2,1,METRO DINER,mini_chain
METRO CAFE,Metro Cafe,2,1,METRO CAFE,mini_chain
MERMAID OYSTER BAR,Mermaid Oyster Bar,2,1,MERMAID OYSTER BAR,mini_chain
MERMAID INN,The Mermaid Inn,2,1,THE MERMAID INN,mini_chain
MENCHIES,Menchie's,2,2,MENCHIES | MENCHIE'S,mini_chain
MEMO SHISH KEBAB,Memo Shish Kebab,2,1,MEMO SHISH KEBAB,mini_chain
MELT SHOP,Melt Shop,2,1,MELT SHOP,mini_chain
MELBAS,Melba's,2,1,MELBA'S,mini_chain
MEHANATA,Mehanata,2,1,MEHANATA,mini_chain
MEET FRESH,Meet Fresh,2,1,MEET FRESH,mini_chain
MEDUSA,Medusa,2,1,MEDUSA,mini_chain
MEDIUM RARE,Medium Rare,2,1,MEDIUM RARE,mini_chain
MAZ MEZCAL,Maz Mezcal,2,2,Maz Mezcal | MAZ MEZCAL,mini_chain
MAYA MEXICAN GRILL,Maya Mexican Grill,2,1,MAYA MEXICAN GRILL,mini_chain
MAX BRENNER,Max Brenner,2,1,MAX BRENNER,mini_chain
MATTER,Matter,2,1,MATTER,mini_chain
MICHAELI BAKERY,Michaeli Bakery,2,1,MICHAELI BAKERY,mini_chain
DE MOLE,De Mole,2,1,DE MOLE,mini_chain
DE ISLANDS,De Islands,2,1,DE ISLANDS,mini_chain
DAYTIME,Daytime,2,1,DAYTIME,mini_chain
DAWSON,Dawson 39,2,2,THE DAWSON | DAWSON 39,mini_chain
DAVIDOVICH BAKERY,Davidovich Bakery,2,1,DAVIDOVICH BAKERY,mini_chain
DAR525,Dar525,2,1,DAR525,mini_chain
DANTE,Dante,2,1,DANTE,mini_chain
DANGELOS PIZZA,D'angelo's Pizza,2,1,D'ANGELO'S PIZZA,mini_chain
DAMBALLA,Damballa,2,1,DAMBALLA,mini_chain
DAISYS PIZZA,Daisy's Pizza,2,1,DAISY'S PIZZA,mini_chain
MIA HALAL FOOD,Mia Halal Food,2,1,MIA HALAL FOOD,mini_chain
MI RANCHITO,Mi Ranchito,2,1,MI RANCHITO,mini_chain
MI DAWTA DEM KITCHIN,Mi Dawta Dem Kitchin,2,1,MI DAWTA DEM KITCHIN,mini_chain
MEZCALS,Mezcal's,2,1,MEZCAL'S,mini_chain
METROPOLITAN CLUB,Metropolitan Club,2,1,METROPOLITAN CLUB,mini_chain
MISS NELLIES,Miss Nellie's,2,2,MISS NELLIE'S | Miss Nellie's,mini_chain
MIS TIERRAS COLOMBIANAS,Mis Tierras Colombianas,2,1,MIS TIERRAS COLOMBIANAS,mini_chain
MIRNAS PUPUSERIA,Mirna's Pupuseria,2,2,MIRNA'S PUPUSERIA | Mirna's Pupuseria,mini_chain
MINUS CELSIUS ICE CREAM,Minus Celsius Ice Cream,2,1,MINUS CELSIUS ICE CREAM,mini_chain
MINT HEIGHTS,Mint Heights,2,1,MINT HEIGHTS,mini_chain
MINITALIA PIZZERIA,Minitalia Pizzeria,2,1,MINITALIA PIZZERIA,mini_chain
MING WONG,Ming Wong,2,1,MING WONG,mini_chain
MIMIS PIZZA,Mimi's Pizza,2,1,MIMI'S PIZZA,mini_chain
MILU,Milu,2,1,MILU,mini_chain
MILK AND PULL,Milk & Pull,2,1,MILK & PULL,mini_chain
MILK AND HONEY CAFE,Milk & Honey Cafe,2,2,MILK & HONEY CAFE | MILK & HONEY CAFE 94,mini_chain
MIKES PIZZERIA,Mike's Pizzeria,2,2,MIKES PIZZERIA CORPORATION | MIKE'S PIZZERIA,mini_chain
MIJO,Mijo,2,2,MIJO CORP | MIJO,mini_chain
MIGHTY MEATBALLS,Mighty Meatballs,2,1,MIGHTY MEATBALLS,mini_chain
MIGHTY CRAB,The Mighty Crab,2,1,THE MIGHTY CRAB,mini_chain
MICHAELS RESTAURANT,Michael's Restaurant,2,1,MICHAEL'S RESTAURANT,mini_chain
DAIGO SUSHI ROLL BAR,Daigo Sushi Roll Bar,2,1,DAIGO SUSHI ROLL BAR,mini_chain
DAI HACHI,Dai Hachi,2,1,DAI HACHI,mini_chain
D LA PARA PICA POLLO BRONX,D La Para Pica Pollo Bronx,2,1,D LA PARA PICA POLLO BRONX,mini_chain
CUTS AND SLICES,Cuts & Slices,2,1,CUTS & SLICES,mini_chain
CURDS THE WORD,Curds The Word,2,1,CURDS THE WORD,mini_chain
CUPPA HIVE COFFEE,Cuppa Hive Coffee,2,1,CUPPA HIVE COFFEE,mini_chain
CULTURE,Culture 307,2,2,CULTURE 36 | CULTURE 307,mini_chain
CUCI,Cuci,2,1,CUCI,mini_chain
CRUMBLY CAFE AND BAKERY,Crumbly Cafe & Bakery,2,1,CRUMBLY CAFE & BAKERY,mini_chain
CRUMBL COOKIES,Crumbl Cookies,2,1,CRUMBL COOKIES,mini_chain
CROWN PALACE,Crown Palace,2,2,CROWN PALACE INC. | CROWN PALACE,mini_chain
CRISPY CHICK,Crispy Chick,2,1,CRISPY CHICK,mini_chain
MO AND U CHINESE RESTAURANT,Mo & U Chinese Restaurant,2,2,MO & U CHINESE RESTAURANT INC. | MO & U CHINESE RESTAURANT INC,mini_chain
MISTURA PERUANA,Mistura Peruana,2,1,MISTURA PERUANA,mini_chain
MISTER CHICKEN II,Mister Chicken Ii,2,2,MISTER CHICKEN II LLC | MISTER CHICKEN II,mini_chain
MISSION CEVICHE,Mission Ceviche,2,1,MISSION CEVICHE,mini_chain
MOZZLAB,Mozzlab,2,1,MOZZLAB,mini_chain
MOUSTACHE,Moustache,2,1,MOUSTACHE,mini_chain
MOUNTAIN HOUSE,Mountain House,2,2,Mountain House | THE MOUNTAIN HOUSE,mini_chain
MOTHERS SEAFOOD AND MORE,Mother's Seafood & More,2,2,MOTHER'S SEAFOOD & MORE | MOTHERS SEAFOOD & MORE,mini_chain
MOSS CAFE,Moss Cafe,2,1,MOSS CAFE,mini_chain
MORTONS THE STEAKHOUSE,Morton's The Steakhouse,2,1,MORTON'S THE STEAKHOUSE,mini_chain
MORGAN,The Morgan,2,1,THE MORGAN,mini_chain
MOON AND FLOWER HOUSE,Moon & Flower House,2,1,MOON & FLOWER HOUSE,mini_chain
MONSTER CRAB,The Monster Crab,2,1,THE MONSTER CRAB,mini_chain
MON CHERI,Mon Cheri,2,1,MON CHERI,mini_chain
MON AMOUR COFFEE AND WINE,Mon Amour Coffee & Wine,2,1,MON AMOUR COFFEE & WINE,mini_chain
MOMOFUKU NOODLE BAR,Momofuku Noodle Bar,2,1,MOMOFUKU NOODLE BAR,mini_chain
MOLE,Mole,2,1,MOLE,mini_chain
MOHO MEXICAN GRILL,Moho Mexican Grill,2,1,MOHO MEXICAN GRILL,mini_chain
MOGEE TEA,Mogee Tea,2,1,MOGEE TEA,mini_chain
MOES CAFE,Moe's Cafe,2,1,MOE'S CAFE,mini_chain
MR PIZZERIA,Mr Pizzeria,2,2,MR PIZZERIA CORP | MR.PIZZERIA,mini_chain
CRIOLLAS BAKED EMPANADAS,Criollas Baked Empanadas,2,1,CRIOLLAS BAKED EMPANADAS,mini_chain
CREPERIE NYC,Creperie Nyc,2,1,CREPERIE NYC,mini_chain
CREATE,Create,2,1,CREATE,mini_chain
CRAZY FRUITS,Crazy Fruits,2,1,CRAZY FRUITS,mini_chain
CRAB HOUSE,Crab House,2,1,CRAB HOUSE,mini_chain
CRAB DU JOUR,Crab Du Jour,2,1,CRAB DU JOUR,mini_chain
COZZI PIZZA,Cozzi Pizza,2,1,COZZI PIZZA,mini_chain
COUNTRY BAY PIZZA,Country Bay Pizza,2,1,COUNTRY BAY PIZZA,mini_chain
COTTON BEAN,Cotton Bean,2,1,COTTON BEAN,mini_chain
MR MARIO,Mr. Mario,2,1,MR. MARIO,mini_chain
MR FIRE BAR AND GRILL,Mr. Fire Bar & Grill,2,1,MR. FIRE BAR & GRILL,mini_chain
MR CHOW,Mr. Chow,2,1,MR. CHOW,mini_chain
MR CEBAS,Mr. Ceba's,2,2,MR. CEBA'S | MR. CEBAS,mini_chain
MR BAO,Mr. Bao,2,1,MR. BAO,mini_chain
MR BANH MI,Mr. Banh Mi,2,1,MR. BANH MI,mini_chain
CORNER STORE,The Corner Store,2,1,THE CORNER STORE,mini_chain
COPPER STILL,The Copper Still,2,1,THE COPPER STILL,mini_chain
COPPER AND OAK,Copper & Oak,2,1,COPPER & OAK,mini_chain
COPACABANA,Copacabana,2,1,COPACABANA,mini_chain
COOKIES AND CREAM PASTRY SHOP,Cookies And Cream Pastry Shop,2,1,COOKIES AND CREAM PASTRY SHOP,mini_chain
COOK EATERY,Cook Eatery,2,1,COOK EATERY,mini_chain
MYKA,Myka,2,1,MYKA,mini_chain
MY PIZZA,My Pizza,2,1,MY PIZZA,mini_chain
MUSCLE MAKER GRILL,Muscle Maker Grill,2,1,MUSCLE MAKER GRILL,mini_chain
MUNCHIES,The Munchies,2,1,THE MUNCHIES,mini_chain
MUNCH,Munch,2,1,MUNCH,mini_chain
MUMBAI PLACE,Mumbai Place,2,1,MUMBAI PLACE,mini_chain
MRIGA,Mriga,2,1,MRIGA,mini_chain
MR WEEK,Mr Week,2,2,MR WEEK LLC | MR WEEK,mini_chain
MR SUSHI,Mr. Sushi,2,1,MR. SUSHI,mini_chain
MR PS HOMEMADE ICE CREAM,Mr. P's Homemade Ice Cream,2,2,MR. P'S HOMEMADE ICE CREAM LLC | MR. P'S HOMEMADE ICE CREAM,mini_chain
COMMON,The Common,2,1,THE COMMON,mini_chain
COMFORTLAND,Comfortland,2,1,COMFORTLAND,mini_chain
COFFEE RX,Coffee Rx,2,1,COFFEE RX,mini_chain
COFFEE LAND,Coffee Land,2,1,COFFEE LAND,mini_chain
COFFEE CLOUD,Coffee Cloud,2,1,COFFEE CLOUD,mini_chain
COFFEE BAR,Coffee Bar,2,1,COFFEE BAR,mini_chain
NATES DETROIT PIZZA,Nate's Detroit Pizza,2,1,NATE'S DETROIT PIZZA,mini_chain
NARUTO RAMEN,Naruto Ramen,2,1,NARUTO RAMEN,mini_chain
NANSHAN HOT POT TEA PULSE,Nanshan Hot Pot / Tea Pulse,2,1,NANSHAN HOT POT / TEA PULSE,mini_chain
NAMUDOL,Namudol,2,1,NAMUDOL,mini_chain
NAMI NORI,Nami Nori,2,1,NAMI NORI,mini_chain
NAISNOW TEA AND BAKERY,Naisnow Tea & Bakery,2,1,NAISNOW TEA & BAKERY,mini_chain
NAI BROTHER,Nai Brother,2,1,NAI BROTHER,mini_chain
NACHO MACHO TACO,Nacho Macho Taco,2,1,NACHO MACHO TACO,mini_chain
N25,N25,2,1,N25,mini_chain
COSME,Cosme,2,1,COSME,mini_chain
NEW KAM LAI,New Kam Lai,2,1,NEW KAM LAI,mini_chain
NEW IPOH KITCHEN ASIAN CUISINE,New Ipoh Kitchen Asian Cuisine,2,2,NEW IPOH KITCHEN ASIAN CUISINE INC. | NEW IPOH KITCHEN ASIAN CUISINE,mini_chain
NEW HONG KONG KITCHEN,New Hong Kong Kitchen,2,1,NEW HONG KONG KITCHEN,mini_chain
NEW HARDEE,New Hardee,2,1,NEW HARDEE,mini_chain
NEW GARDEN,New Garden,2,1,NEW GARDEN,mini_chain
NEW APOLO,New Apolo,2,1,NEW APOLO,mini_chain
NEUHAUS,Neuhaus,2,2,NEUHAUS | NEUHAUS INC,mini_chain
NESPRESSO,Nespresso,2,1,NESPRESSO,mini_chain
NENES TAQUERIA,Nene's Taqueria,2,2,NENE'S TAQUERIA | NENES TAQUERIA,mini_chain
NEIGHBORS,Neighbors,2,2,THE NEIGHBORS | NEIGHBORS,mini_chain
NEIBERHUD,Neiberhud,2,1,NEIBERHUD,mini_chain
NAZS HALAL FOOD,Naz's Halal Food,2,1,NAZ'S HALAL FOOD,mini_chain
CONMIGO,Conmigo,2,1,CONMIGO,mini_chain
CONEYS CONES,Coney's Cones,2,1,CONEY'S CONES,mini_chain
COMPLETE CAFE,Complete Cafe,2,1,COMPLETE CAFE,mini_chain
COMMONS CAFE,Commons Cafe,2,1,COMMONS CAFE,mini_chain
COCINA DEL SUR,Cocina Del Sur,2,1,COCINA DEL SUR,mini_chain
CLOVER SMOOTHIE AND TEA,Clover Smoothie & Tea,2,1,CLOVER SMOOTHIE & TEA,mini_chain
CLOUDY DONUT,Cloudy Donut Co.,2,1,CLOUDY DONUT CO.,mini_chain
CLOUD M,Cloud M,2,1,CLOUD M,mini_chain
CLOISTERS GRILL,Cloisters Grill,2,1,CLOISTERS GRILL,mini_chain
CJ CAFE,Cj Cafe,2,1,CJ CAFE,mini_chain
CITY VINEYARD,City Vineyard,2,2,"CITY VINEYARD, LLC | CITY VINEYARD",mini_chain
CITY DINER,City Diner,2,2,CITY DINER | THE CITY DINER,mini_chain
NEW YUMMY TACO,New Yummy Taco,2,1,NEW YUMMY TACO,mini_chain
NEW THRIVING RESTAURANT,New Thriving Restaurant,2,1,NEW THRIVING RESTAURANT,mini_chain
NEW TASTE RESTAURANT,New Taste Restaurant,2,2,NEW TASTE RESTAURANT | NEW TASTE RESTAURANT INC,mini_chain
NEW TASTE OF CHINA,New Taste Of China,2,1,NEW TASTE OF CHINA,mini_chain
NEW SPRING GARDEN,New Spring Garden,2,1,NEW SPRING GARDEN,mini_chain
NEW SPICY HOUSE,New Spicy House,2,2,NEW SPICY HOUSE INC | NEW SPICY HOUSE,mini_chain
NEW PEKING KITCHEN,New Peking Kitchen,2,1,NEW PEKING KITCHEN,mini_chain
NEW LONG RIVER,New Long River,2,2,NEW LONG RIVER 168 INC. | NEW LONG RIVER,mini_chain
NOODLE HERO,Noodle Hero,2,1,NOODLE HERO,mini_chain
NOODLE CRAFT,Noodle Craft,2,1,NOODLE CRAFT,mini_chain
NONNAS PIZZERIA,Nonna's Pizzeria,2,1,NONNA'S PIZZERIA,mini_chain
NOM TEA,Nom Tea,2,1,NOM TEA,mini_chain
NO FORK,No Fork,2,1,NO FORK,mini_chain
NO 8 CHINESE RESTAURANT,No. 8 Chinese Restaurant,2,2,NO. 8 CHINESE RESTAURANT | NO.8 CHINESE RESTAURANT,mini_chain
NO 1 WOK,No 1 Wok,2,2,NO.1 WOK | NO 1 WOK,mini_chain
NO 1 CHINA GARDEN KITCHEN,No. 1 China Garden Kitchen,2,1,NO. 1 CHINA GARDEN KITCHEN,mini_chain
NIPPON CHA,Nippon Cha,2,1,NIPPON CHA,mini_chain
NINTH STREET ESPRESSO,Ninth Street Espresso,2,1,NINTH STREET ESPRESSO,mini_chain
NINJA JAPAN TERIYAKI AND SUSHI,Ninja Japan Teriyaki & Sushi,2,1,NINJA JAPAN TERIYAKI & SUSHI,mini_chain
NEW YUNG HONG,New Yung Hong,2,1,NEW YUNG HONG,mini_chain
COFFEE AND CHISME,Coffee & Chisme,2,1,COFFEE & CHISME,mini_chain
COCOTAZO,Cocotazo,2,1,COCOTAZO,mini_chain
COCOA CABIN AND HAPPY DUMPLING,Cocoa Cabin And Happy Dumpling,2,1,COCOA CABIN AND HAPPY DUMPLING,mini_chain
COCO,Coco,2,1,COCO,mini_chain
CINNAHOLIC,Cinnaholic,2,1,CINNAHOLIC,mini_chain
CINNABON CARVEL,Cinnabon / Carvel,2,1,CINNABON / CARVEL,mini_chain
CIBAO,Cibao,2,1,CIBAO,mini_chain
CHUNG DDUK,Chung Dduk,2,1,CHUNG DDUK,mini_chain
CHUN YANG TEA,Chun Yang Tea,2,1,CHUN YANG TEA,mini_chain
CHRIS RESTAURANT,Chris Restaurant,2,1,CHRIS RESTAURANT,mini_chain
CHOPSTICKS HOUSE,Chopsticks House,2,1,CHOPSTICKS HOUSE,mini_chain
CHOPPED PARSLEY,Chopped Parsley,2,1,CHOPPED PARSLEY,mini_chain
NUBIANI,Nubiani,2,1,NUBIANI,mini_chain
NOWON,Nowon,2,1,NOWON,mini_chain
NOTABLE,Notable,2,1,NOTABLE,mini_chain
NORTHSIDE COFFEE,Northside Coffee,2,2,Northside Coffee | NORTHSIDE COFFEE,mini_chain
NORTH STAR CAFE,North Star Cafe,2,1,NORTH STAR CAFE,mini_chain
NORTH SQUARE,North Square,2,1,NORTH SQUARE,mini_chain
NORTH DUMPLING,North Dumpling,2,1,NORTH DUMPLING,mini_chain
NOOK,Nook,2,1,NOOK,mini_chain
OLDAYS,Ol'days,2,2,OL'DAYS | OLDAYS,mini_chain
OKIBORU,Okiboru,2,1,OKIBORU,mini_chain
OKI POKE AND RAMEN,Oki Poke & Ramen,2,1,OKI POKE & RAMEN,mini_chain
OISHII SUSHI,Oishii Sushi,2,1,OISHII SUSHI,mini_chain
OHANLONS,O'hanlon's,2,2,O'HANLON'S | O'HANLONS,mini_chain
OH K DOG AND EGG TOAST,Oh K-dog & Egg Toast,2,1,OH K-DOG & EGG TOAST,mini_chain
OH BAGEL,Oh Bagel,2,2,OH BAGEL | OH! BAGEL,mini_chain
OFFICE HOURS,Office Hours,2,2,OFFICE HOURS 2 | OFFICE HOURS,mini_chain
OCEANIC BOIL,Oceanic Boil,2,1,OCEANIC BOIL,mini_chain
OCEAN PRIME,Ocean Prime,2,1,OCEAN PRIME,mini_chain
OBERON TWENTY SEVEN,Oberon Twenty-seven,2,1,OBERON TWENTY-SEVEN LLC,mini_chain
OBAO,Obao,2,1,OBAO,mini_chain
OBA GRILL,Oba Grill,2,1,OBA GRILL,mini_chain
NYC VEGAN BISTRO,Nyc Vegan Bistro,2,1,NYC VEGAN BISTRO,mini_chain
NUR THAI,Nur Thai,2,1,NUR THAI,mini_chain
CITY CAFE,City Cafe,2,1,CITY CAFE,mini_chain
ON THE ROCKS,On The Rocks,2,1,ON THE ROCKS,mini_chain
CHOLADOS Y MANGOS,Cholados Y Mangos,2,2,CHOLADOS Y MANGOS | CHOLADOS Y MANGOS 2,mini_chain
CHOCOLATE DIP,Chocolate Dip,2,1,CHOCOLATE DIP,mini_chain
CHOCOCO,Chococo,2,1,CHOCOCO,mini_chain
CHLOES,Chloe's,2,1,CHLOE'S,mini_chain
CHIRP,Chirp,2,1,CHIRP,mini_chain
CHIPOTLE,Chipotle,2,1,CHIPOTLE,mini_chain
CHINA PAGODA,China Pagoda,2,1,CHINA PAGODA,mini_chain
CHINA LONG,China Long,2,1,CHINA LONG,mini_chain
CHINA KITCHEN,China Kitchen,2,1,CHINA KITCHEN,mini_chain
OMIYA SUSHI,Omiya Sushi,2,1,OMIYA SUSHI,mini_chain
OM WOK,Om Wok,2,1,OM WOK,mini_chain
OLLIES TO GO,Ollies To Go,2,1,OLLIES TO GO,mini_chain
OLIYO,Oliyo,2,1,OLIYO,mini_chain
OLIVES,Olive's,2,1,OLIVE'S,mini_chain
OLIVERS CAFE,Oliver's Cafe,2,2,OLIVER'S CAFE 58 | OLIVER'S CAFE,mini_chain
P J CLARKES,P.j. Clarke's,2,1,P.J. CLARKE'S,mini_chain
OZAKAYA,Ozakaya,2,1,OZAKAYA,mini_chain
OYISHI SUSHI,Oyishi Sushi,2,2,OYISHI SUSHI | OYISHI SUSHI 91 LLC,mini_chain
OXFORD CAFE,Oxford Cafe,2,1,OXFORD CAFE,mini_chain
OVERGREENS,Overgreens,2,1,OVERGREENS,mini_chain
OVENS SLICE,The Oven's Slice,2,1,THE OVEN'S SLICE,mini_chain
OSTERIA DELBIANCO,Osteria Delbianco,2,1,OSTERIA DELBIANCO,mini_chain
OSTERIA,Osteria 106,2,2,OSTERIA 57 | OSTERIA 106,mini_chain
OSAKA FUSION SUSHI AND BBQ,Osaka Fusion Sushi & Bbq,2,1,OSAKA FUSION SUSHI & BBQ,mini_chain
ORIGINAL MIKES PIZZA,Original Mike's Pizza,2,2,THE ORIGINAL MIKE'S PIZZA | ORIGINAL MIKE'S PIZZA,mini_chain
ORIGINAL AMERICAN CHICKEN,The Original American Chicken,2,1,THE ORIGINAL AMERICAN CHICKEN,mini_chain
ORCHID TEA CAFE,Orchid Tea Cafe,2,1,ORCHID TEA CAFE,mini_chain
ORBITAL KITCHEN,Orbital Kitchen,2,1,ORBITAL KITCHEN,mini_chain
OPS,Ops,2,1,OPS,mini_chain
OOTOYA,Ootoya,2,1,OOTOYA,mini_chain
ONE FIFTY FRESH PIZZA,One Fifty Fresh Pizza,2,1,ONE FIFTY FRESH PIZZA,mini_chain
PANDA,Panda,2,2,PANDA | PANDA 148,mini_chain
CHINA GOURMET,China Gourmet,2,1,CHINA GOURMET,mini_chain
CHINA EXPRESS,China Express,2,1,CHINA EXPRESS,mini_chain
CHINA,China 1,2,1,CHINA 1,mini_chain
CHIMI LOS PRIMOS KITCHEN,Chimi Los Primos Kitchen,2,1,CHIMI LOS PRIMOS KITCHEN,mini_chain
CHILIS GRILL AND BAR,Chili's Grill & Bar,2,1,CHILI'S GRILL & BAR,mini_chain
CHIFLEZ,Chiflez,2,1,CHIFLEZ,mini_chain
CHICKEN STOP,Chicken Stop,2,1,CHICKEN STOP,mini_chain
CHICKEN RANCH,Chicken Ranch,2,1,CHICKEN RANCH,mini_chain
PANAJACHEL SOLOLA,Panajachel Solola,2,1,PANAJACHEL SOLOLA,mini_chain
PAN,Co Pan,2,2,CO PAN | PAN,mini_chain
PALOMA COFFEE AND BAKERY,Paloma Coffee & Bakery,2,1,PALOMA COFFEE & BAKERY,mini_chain
PALERMO PASTRY SHOP,Palermo Pastry Shop,2,1,PALERMO PASTRY SHOP,mini_chain
PAGE NOODLE,Page Noodle,2,1,PAGE NOODLE INC,mini_chain
PADOCA BAKERY,Padoca Bakery,2,1,PADOCA BAKERY,mini_chain
PADI D NYC,Padi D' Nyc,2,1,PADI D' NYC,mini_chain
PARISCIEN BAKERY,Pariscien Bakery,2,1,PARISCIEN BAKERY,mini_chain
PARCELLE,Parcelle,2,1,PARCELLE,mini_chain
CHICK N BAOS,Chick N Baos,2,2,CHICK N BAOS | CHICK N' BAOS,mini_chain
CHICK CHICK,Chick Chick,2,1,CHICK CHICK,mini_chain
CHELI,Cheli,2,1,CHELI,mini_chain
CHEF LOTHIAN KITCHEN,Chef Lothian Kitchen,2,1,CHEF LOTHIAN KITCHEN,mini_chain
CHEF CHANG EXPRESS,Chef Chang Express,2,2,CHEF CHANG EXPRESS INC | CHEF CHANG EXPRESS,mini_chain
CHEESEBOAT,Cheeseboat,2,1,CHEESEBOAT,mini_chain
CHEEKY FISH,Cheeky Fish,2,1,CHEEKY FISH,mini_chain
CHARLOTTE PATISSERIE,Charlotte Patisserie,2,1,CHARLOTTE PATISSERIE,mini_chain
CHARLIES PUB,Charlie's Pub,2,1,CHARLIE'S PUB,mini_chain
PARADISE SPORTS BAR,Dba Paradise Sports Bar,2,2,DBA PARADISE SPORTS BAR | PARADISE SPORTS BAR,mini_chain
PAO DE QUEIJO AND,Pao De Queijo & Co.,2,1,PAO DE QUEIJO & CO.,mini_chain
PANTRY ON,The Pantry On 10,2,2,THE PANTRY ON 10 | THE PANTRY ON 3,mini_chain
PANDA RESTAURANT,Panda Restaurant,2,1,PANDA RESTAURANT,mini_chain
PANDA KITCHEN,Panda Kitchen,2,1,PANDA KITCHEN,mini_chain
PAULIE GEES SLICE SHOP,Paulie Gee's Slice Shop,2,1,PAULIE GEE'S SLICE SHOP,mini_chain
PAUL WEISS,Paul Weiss 128523263,2,2,PAUL WEISS 128523263 | PAUL WEISS 134523265,mini_chain
PATRICIAS,Patricia's,2,1,PATRICIA'S,mini_chain
PATOK BY RACH,Patok By Rach,2,1,PATOK BY RACH,mini_chain
PATOK,Patok,2,1,PATOK,mini_chain
PATMAR BAKE SHOP,Patmar Bake Shop,2,1,PATMAR BAKE SHOP,mini_chain
PATIS BAKERY,Pati's Bakery,2,2,PATIS BAKERY | PATI'S BAKERY,mini_chain
PATIALA GRILL,Patiala Grill,2,1,PATIALA GRILL,mini_chain
PATACON PISAO,Patacon Pisao,2,1,PATACON PISAO,mini_chain
PASTRY BOX,The Pastry Box,2,2,THE PASTRY BOX LLC | THE PASTRY BOX,mini_chain
PASTICCERIA ROCCO,Pasticceria Rocco,2,1,PASTICCERIA ROCCO,mini_chain
PASTAGASM,Pastagasm,2,1,PASTAGASM,mini_chain
PASTA LOUISE,Pasta Louise,2,1,PASTA LOUISE,mini_chain
PASTA DE PASTA,Pasta De Pasta,2,1,PASTA DE PASTA,mini_chain
PARM,Parm,2,1,PARM,mini_chain
PARLAY,Parlay,2,1,PARLAY,mini_chain
PEP BAKE HOUSE AND COFFEE SHOP,Pep Bake House & Coffee Shop,2,1,PEP BAKE HOUSE & COFFEE SHOP,mini_chain
CHARLIES PIZZA,Charlie's Pizza,2,1,CHARLIE'S PIZZA,mini_chain
CHANG PAI,Chang Pai,2,1,CHANG PAI,mini_chain
CHAKRA,Chakra,2,1,CHAKRA,mini_chain
CEO KTV AND BAR,Ceo Ktv & Bar,2,1,CEO KTV & BAR,mini_chain
CENTRAL PARK TAVERN,Central Park Tavern,2,1,CENTRAL PARK TAVERN,mini_chain
CENTRAL CARIBBEAN BAKERY,Central Caribbean Bakery,2,1,CENTRAL CARIBBEAN BAKERY,mini_chain
CATCH AIR,Catch Air,2,1,CATCH AIR,mini_chain
CAST IRON POT,Cast Iron Pot,2,1,CAST IRON POT,mini_chain
CASITA OF BROOKLYN,Casita Of Brooklyn,2,1,CASITA OF BROOKLYN,mini_chain
PEKING TASTE,Peking Taste,2,1,PEKING TASTE,mini_chain
PEKING KITCHEN,Peking Kitchen,2,1,PEKING KITCHEN,mini_chain
PEKING EXPRESS,Peking Express,2,1,PEKING EXPRESS,mini_chain
PEKING DUCK HOUSE,Peking Duck House,2,1,PEKING DUCK HOUSE,mini_chain
PEACHWAVE FROZEN YOGURT,Peachwave Frozen Yogurt,2,1,PEACHWAVE FROZEN YOGURT,mini_chain
PEACEFOOD,Peacefood,2,1,PEACEFOOD,mini_chain
CASA TOSCANA,Casa Toscana,2,1,CASA TOSCANA,mini_chain
CASA TEVERE,Casa Tevere,2,1,CASA TEVERE,mini_chain
CASA LOUIE,Casa Louie,2,1,CASA LOUIE,mini_chain
CASA CARMEN,Casa Carmen,2,1,CASA CARMEN,mini_chain
CASA ASIA,Casa Asia,2,1,CASA ASIA,mini_chain
CARRO CAFE,Carro Cafe,2,1,CARRO CAFE,mini_chain
CARLOS PIZZERIA,Carlo's Pizzeria,2,2,CARLO'S PIZZERIA | CARLOS PIZZERIA,mini_chain
CARIDAD AND LOUIES RESTAURANT,Caridad & Louie's Restaurant,2,1,CARIDAD & LOUIE'S RESTAURANT,mini_chain
CARIBBEAN ROTI EXPRESS,Caribbean Roti Express,2,1,CARIBBEAN ROTI EXPRESS,mini_chain
CARIBBEAN JERKEES DELIGHT,Caribbean Jerkee's Delight,2,2,CARIBBEAN JERKEES DELIGHT | CARIBBEAN JERKEE'S DELIGHT,mini_chain
PHO GRAND,Pho Grand,2,1,PHO GRAND,mini_chain
PETITE DUMPLING,Petite Dumpling,2,1,PETITE DUMPLING,mini_chain
PETEYS BURGER,Petey's Burger,2,1,PETEY'S BURGER,mini_chain
PERFECT PINT,The Perfect Pint,2,1,THE PERFECT PINT,mini_chain
PEPPINOS,Peppino's,2,1,PEPPINO'S,mini_chain
PEP BAKEHOUSE AND COFFEE SHOP,Pep Bakehouse & Coffee Shop,2,1,PEP BAKEHOUSE & COFFEE SHOP,mini_chain
CAMPANIA COAL FIRED PIZZA,Campania Coal Fired Pizza,2,1,CAMPANIA COAL FIRED PIZZA,mini_chain
CALIFORNIA PIZZA KITCHEN,California Pizza Kitchen,2,1,CALIFORNIA PIZZA KITCHEN,mini_chain
CALI TAJADAS BAKERY AND RESTAURANT,Cali Tajadas Bakery & Restaurant,2,1,CALI TAJADAS BAKERY & RESTAURANT,mini_chain
CALEDONIA,Caledonia,2,1,CALEDONIA,mini_chain
CALABRIJES,Calabrije's,2,1,CALABRIJE'S,mini_chain
CAFFE PANNA,Caffe Panna,2,1,CAFFE PANNA,mini_chain
PITA GRILL,Pita Grill,2,1,PITA GRILL,mini_chain
PINK NORI,Pink Nori,2,1,PINK NORI,mini_chain
PIKASSO EMPANADAS Y MAS,Pikasso Empanadas Y Mas,2,1,PIKASSO EMPANADAS Y MAS,mini_chain
PIG N WHISTLE,Pig 'n' Whistle,2,1,PIG 'N' WHISTLE,mini_chain
PIG BEACH,Pig Beach,2,1,PIG BEACH,mini_chain
PIES N THIGHS,Pies-n-thighs,2,2,Pies n Thighs | PIES-N-THIGHS,mini_chain
PIEROGI BOYS,Pierogi Boys,2,1,PIEROGI BOYS,mini_chain
PIER,Pier 23,2,2,PIER 23 | PIER 76,mini_chain
PICCOLA CUCINA OSTERIA,Piccola Cucina Osteria,2,1,PICCOLA CUCINA OSTERIA,mini_chain
CASANARA,Casanara,2,1,CASANARA,mini_chain
POKE ISLAND GRILL,Poke Island Grill,2,1,POKE ISLAND GRILL,mini_chain
PLAZA CAFE,Plaza Cafe,2,1,PLAZA CAFE,mini_chain
PLAYWRIGHT CELTIC PUB,Playwright Celtic Pub,2,1,PLAYWRIGHT CELTIC PUB,mini_chain
PLANTSHED CAFE,Plantshed Cafe,2,1,PLANTSHED CAFE,mini_chain
PLANTSHED,Plantshed,2,1,PLANTSHED,mini_chain
PIZZA TWIST,Pizza Twist,2,1,PIZZA TWIST,mini_chain
PIZZA TOWN,Pizza Town,2,1,PIZZA TOWN,mini_chain
PIZZA STUDIO,Pizza Studio,2,1,PIZZA STUDIO,mini_chain
PIZZA PARLOR,The Pizza Parlor,2,1,THE PIZZA PARLOR,mini_chain
PIZZA ON THE RUN,Pizza On The Run,2,1,PIZZA ON THE RUN,mini_chain
PIZZA MIA,Pizza Mia,2,1,PIZZA MIA,mini_chain
PIZZA CHEF,Pizza Chef,2,1,PIZZA CHEF,mini_chain
PITHA GHOR,Pitha Ghor,2,1,PITHA GHOR,mini_chain
CAPITOL DINER,Capitol Diner,2,2,CAPITOL DINER | Capitol Diner,mini_chain
CAPITAL ONE THE BRONX,Capital One The Bronx,2,1,CAPITAL ONE THE BRONX,mini_chain
CANTO,Canto,2,1,CANTO,mini_chain
CAFFE BENE,Caffe Bene,2,1,CAFFE BENE,mini_chain
CAFFE ARONNE,Caffe Aronne,2,1,CAFFE ARONNE,mini_chain
CAFETERIA,Cafeteria,2,1,CAFETERIA,mini_chain
CAFECITO,Cafecito,2,1,CAFECITO,mini_chain
CAFE ZAFFRI,Cafe Zaffri,2,1,CAFE ZAFFRI,mini_chain
CAFE SKYE,Cafe Skye,2,1,CAFE SKYE,mini_chain
CAFE MOGADOR,Cafe Mogador,2,1,CAFE MOGADOR,mini_chain
CAFE METRO,Cafe Metro,2,1,CAFE METRO,mini_chain
CAFE MAUD,Cafe Maud,2,1,CAFE MAUD,mini_chain
CAFE MARTIN,Cafe Martin,2,1,CAFE MARTIN,mini_chain
CAFE MANHATTAN,Cafe Manhattan,2,1,CAFE MANHATTAN,mini_chain
CAFE LUCE,Cafe Luce,2,1,CAFE LUCE,mini_chain
POPEYES LOUISIANA CHICKEN,Popeyes Louisiana Chicken,2,1,POPEYES LOUISIANA CHICKEN,mini_chain
POLLOS MARIO,Pollos Mario,2,1,POLLOS MARIO,mini_chain
POKEPLUS,Pokeplus,2,1,POKEPLUS,mini_chain
POKEBOWL STATION,Pokebowl Station,2,1,POKEBOWL STATION,mini_chain
CACHAPA CACHAPA,Cachapa Cachapa,2,2,CACHAPA CACHAPA | CACHAPA CACHAPA 2,mini_chain
BY THE WAY BAKERY,By The Way Bakery,2,1,BY THE WAY BAKERY,mini_chain
BUTTERMILK BAKESHOP,Buttermilk Bakeshop,2,1,BUTTERMILK BAKESHOP,mini_chain
BUTTER SMASHBURGERS,Butter Smashburgers,2,1,BUTTER SMASHBURGERS,mini_chain
BUTTER BEANS KITCHEN,Butter Beans Kitchen,2,2,BUTTER BEANS KITCHEN LLC | BUTTER BEANS KITCHEN,mini_chain
BUTCHERS DAUGHTER,The Butcher's Daughter,2,1,THE BUTCHER'S DAUGHTER,mini_chain
PRINCE STREET PIZZA,Prince Street Pizza,2,1,PRINCE STREET PIZZA,mini_chain
PRIMO PIZZERIA,Primo Pizzeria,2,1,PRIMO PIZZERIA,mini_chain
PRIMA PIZZA,Prima Pizza,2,1,PRIMA PIZZA,mini_chain
PREVITI PIZZA,Previti Pizza,2,1,PREVITI PIZZA,mini_chain
PRESTIGE,Prestige,2,1,PRESTIGE,mini_chain
PRESSED,Pressed,2,1,PRESSED,mini_chain
PREMIUM SWEETS AND RESTAURANT,Premium Sweets & Restaurant,2,1,PREMIUM SWEETS & RESTAURANT,mini_chain
POTBELLY SANDWICH SHOP,Potbelly Sandwich Shop,2,1,POTBELLY SANDWICH SHOP,mini_chain
POSH POP BAKE SHOP,Posh Pop Bake Shop,2,1,POSH POP BAKE SHOP,mini_chain
CAFFE BUON GUSTO,Caffe Buon Gusto,2,1,CAFFE BUON GUSTO,mini_chain
RADIO KWARA,Radio Kwara,2,1,RADIO KWARA,mini_chain
RADHUNI SWEETS AND RESTAURANT,Radhuni Sweets & Restaurant,2,1,RADHUNI SWEETS & RESTAURANT,mini_chain
QUINOA KITCHEN,Quinoa Kitchen,2,1,QUINOA KITCHEN,mini_chain
QUICK GRILL JAPAN,Quick Grill Japan,2,1,QUICK GRILL JAPAN,mini_chain
QUESADILLAS DONA MATY,Quesadillas Dona Maty,2,1,QUESADILLAS DONA MATY,mini_chain
QDOBA MEXICAN EATS,Qdoba Mexican Eats,2,1,QDOBA MEXICAN EATS,mini_chain
QDOBA,Qdoba,2,1,QDOBA,mini_chain
QAHWAH VALLEY,Qahwah Valley,2,1,QAHWAH VALLEY,mini_chain
Q C CAMPUS EATS,Q.c. Campus Eats,2,2,"Q.C. CAMPUS EATS, INC. | Q.C. CAMPUS EATS",mini_chain
PURSLANE,Purslane,2,1,PURSLANE,mini_chain
PURE BOWL AND GO,Pure Bowl & Go,2,1,PURE BOWL & GO CORP.,mini_chain
PUNJABI CHAAP CORNER,Punjabi Chaap Corner,2,1,PUNJABI CHAAP CORNER,mini_chain
PUEBLO QUERIDO COFFEE,Pueblo Querido Coffee,2,1,PUEBLO QUERIDO COFFEE,mini_chain
CAFE FRED,Cafe Fred,2,1,CAFE FRED,mini_chain
CAFE CON PAN BAKERY,Cafe Con Pan Bakery,2,1,CAFE CON PAN BAKERY,mini_chain
CAFE BY THE GIRLS,Cafe By The Girls,2,1,CAFE BY THE GIRLS,mini_chain
RED POKE,Red Poke,2,1,RED POKE,mini_chain
RED PAPER CLIP,Red Paper Clip,2,1,RED PAPER CLIP,mini_chain
RED LOBSTER,Red Lobster,2,1,RED LOBSTER,mini_chain
RED HOUSE,Red House,2,1,RED HOUSE,mini_chain
RED HOOK LOBSTER POUND,Red Hook Lobster Pound,2,1,RED HOOK LOBSTER POUND,mini_chain
REAL FRUIT BUBBLE TEA,Real Fruit Bubble Tea,2,1,REAL FRUIT BUBBLE TEA,mini_chain
RAVAGH PERSIAN GRILL,Ravagh Persian Grill,2,1,RAVAGH PERSIAN GRILL,mini_chain
RARE STEAK AND LOBSTER,Rare Steak & Lobster,2,1,RARE STEAK & LOBSTER,mini_chain
RAN VIET,Ran Viet,2,1,RAN VIET,mini_chain
RAMEN SPOT,Ramen Spot,2,1,RAMEN SPOT,mini_chain
RAMEN DANBO,Ramen Danbo,2,1,RAMEN DANBO,mini_chain
RALPHS ITALIAN ICES,Ralph's Italian Ices,2,1,RALPH'S ITALIAN ICES,mini_chain
RAKUZEN,Rakuzen,2,1,RAKUZEN,mini_chain
RAJS INDIAN KITCHEN,Raj's Indian Kitchen,2,1,RAJ'S INDIAN KITCHEN,mini_chain
RAICES COLOMBIANAS,Raices Colombianas,2,1,RAICES COLOMBIANAS,mini_chain
RADIO STAR,Radio Star,2,1,RADIO STAR,mini_chain
REN RESTAURANT,Ren Restaurant,2,1,REN RESTAURANT,mini_chain
REGULAR NYC,Regular Nyc,2,1,REGULAR NYC,mini_chain
BUTCHERS BURGER,Butcher's Burger,2,1,BUTCHER'S BURGER,mini_chain
BUSHWICK TACO COMPANY,Bushwick Taco Company,2,1,BUSHWICK TACO COMPANY,mini_chain
BURP BOWL CAFE,Burp Bowl Cafe,2,1,BURP BOWL CAFE,mini_chain
BURP BOWL,Burp Bowl,2,1,BURP BOWL,mini_chain
BURGERHEAD,Burgerhead,2,1,BURGERHEAD,mini_chain
BURGER VILLAGE,Burger Village,2,1,BURGER VILLAGE,mini_chain
BURGER URWAY,Burger Urway,2,1,BURGER URWAY,mini_chain
BURGER JOINT,Burger Joint,2,1,BURGER JOINT,mini_chain
BURGER BHAI,Burger Bhai,2,1,BURGER BHAI,mini_chain
BUFFALO WINGS PIZZA AND CHICKEN,Buffalo Wings Pizza & Chicken,2,2,BUFFALO WINGS PIZZA AND CHICKEN | BUFFALO WINGS PIZZA & CHICKEN,mini_chain
BUFFALO BOSS,Buffalo Boss,2,1,BUFFALO BOSS,mini_chain
BUENA VISTA,Buena Vista,2,1,BUENA VISTA,mini_chain
REGINAS GROCERY,Regina's Grocery,2,2,REGINAS GROCERY | REGINA'S GROCERY,mini_chain
RED RABBIT,Red Rabbit,2,2,RED RABBIT | RED RABBIT LLC,mini_chain
ROCKMEISHA,Rockmeisha,2,1,ROCKMEISHA,mini_chain
ROCKEFELLER FOUNDATION,Rockefeller Foundation,2,2,THE ROCKEFELLER FOUNDATION | ROCKEFELLER FOUNDATION,mini_chain
ROCKAWAY TIKI BAR,Rockaway Tiki Bar,2,1,ROCKAWAY TIKI BAR,mini_chain
ROCCOS PIZZERIA,Rocco's Pizzeria,2,1,ROCCO'S PIZZERIA,mini_chain
ROAST AND,Roast & Co.,2,2,ROAST&CO | ROAST & CO.,mini_chain
ROAST,Roast,2,2,ROAST | ROAST 28,mini_chain
RIVER JAPANESE CUISINE,River Japanese Cuisine,2,1,RIVER JAPANESE CUISINE,mini_chain
RITAS PIZZA AND PROVISIONS,Rita's Pizza & Provisions,2,1,RITA'S PIZZA & PROVISIONS,mini_chain
RITAS ITALIAN ICE AND FROZEN CUSTARD,Rita's Italian Ice & Frozen Custard,2,1,RITA'S ITALIAN ICE & FROZEN CUSTARD,mini_chain
RINCONCITO DE LOS SABORES,Rinconcito De Los Sabores,2,2,RINCONCITO DE LOS SABORES 2 | RINCONCITO DE LOS SABORES #4,mini_chain
RIKO,Riko,2,1,RIKO,mini_chain
RICHMOND COUNTY COUNTRY CLUB,Richmond County Country Club,2,1,RICHMOND COUNTY COUNTRY CLUB,mini_chain
RICE TO RICHES,Rice To Riches,2,1,RICE TO RICHES,mini_chain
REX,Rex,2,1,REX,mini_chain
RESTAURANT,Restaurant 555,2,2,THE RESTAURANT | RESTAURANT 555,mini_chain
RESERVE CUT,Reserve Cut,2,1,RESERVE CUT,mini_chain
ROUND 2 CAFE,Round 2 Cafe,2,2,ROUND 2 CAFE INC | ROUND 2 CAFE,mini_chain
ROSEMARYS,Rosemary's,2,1,ROSEMARY'S,mini_chain
BUDDHA BODAI,Buddha Bodai,2,1,BUDDHA BODAI,mini_chain
BUBBAKOOS BURRITOS,Bubbakoo's Burritos,2,2,BUBBAKOO'S BURRITOS | BUBBAKOOS BURRITOS,mini_chain
BROWN BAG SANDWICH,Brown Bag Sandwich Co.,2,1,BROWN BAG SANDWICH CO.,mini_chain
BROTHERS PIZZERIA,Brother's Pizzeria,2,2,BROTHER'S PIZZERIA | BROTHERS PIZZERIA,mini_chain
BROOKLYN SUYA,Brooklyn Suya,2,2,BROOKLYN SUYA | Brooklyn Suya,mini_chain
BROOKLYN STANDARD,Brooklyn Standard,2,1,BROOKLYN STANDARD,mini_chain
BROOKLYN DINER,Brooklyn Diner,2,1,BROOKLYN DINER,mini_chain
BROOKLYN CHOP HOUSE,Brooklyn Chop House,2,1,BROOKLYN CHOP HOUSE,mini_chain
BROOKLYN BREWERY,Brooklyn Brewery,2,2,THE BROOKLYN BREWERY CORPORATION | BROOKLYN BREWERY,mini_chain
BROOKLYN BREAD,Brooklyn Bread,2,1,BROOKLYN BREAD,mini_chain
BROOKLYN BANGERS AND DOGS,Brooklyn Bangers & Dogs,2,1,BROOKLYN BANGERS & DOGS,mini_chain
ROSAS PIZZA AND PASTA,Rosa's Pizza & Pasta,2,1,ROSA'S PIZZA & PASTA,mini_chain
ROMEOS,Romeo's,2,1,ROMEO'S,mini_chain
ROME TO BROOKLYN PIZZERIA,Rome To Brooklyn Pizzeria,2,1,ROME TO BROOKLYN PIZZERIA,mini_chain
SAN REMO PIZZERIA,San Remo Pizzeria,2,1,SAN REMO PIZZERIA,mini_chain
SALUMERIA ROSI,Salumeria Rosi,2,1,SALUMERIA ROSI,mini_chain
SALTWATER COFFEE,Saltwater Coffee,2,1,SALTWATER COFFEE,mini_chain
SALT AND STRAW,Salt & Straw,2,1,SALT & STRAW,mini_chain
SALSWEE,Salswee,2,1,SALSWEE,mini_chain
SALS PIZZERIA,Sal's Pizzeria,2,1,SAL'S PIZZERIA,mini_chain
SAJOMA,Sajoma,2,1,SAJOMA,mini_chain
SABOR TROPICAL,Sabor Tropical,2,1,SABOR TROPICAL,mini_chain
SABOR LATINO,Sabor Latino,2,1,SABOR LATINO,mini_chain
SABBAS CHICKEN,Sabba's Chicken,2,1,SABBA'S CHICKEN,mini_chain
RUDYS BAR AND GRILL,Rudy's Bar & Grill,2,1,RUDY'S BAR & GRILL,mini_chain
RUBYS CAFE,Ruby's Cafe,2,1,RUBY'S CAFE,mini_chain
ROYAL QUEEN,Royal Queen,2,1,ROYAL QUEEN,mini_chain
ROYAL INDIA PALACE,Royal India Palace,2,2,ROYAL INDIA PALACE LLC | ROYAL INDIA PALACE,mini_chain
ROWDY ROOSTER,Rowdy Rooster,2,1,ROWDY ROOSTER,mini_chain
ROUND PIE PIZZA COMPANY,Round Pie Pizza Company,2,1,ROUND PIE PIZZA COMPANY,mini_chain
BRISAS DEL MAR SEAFOOD MARKET,Brisas Del Mar Seafood Market,2,2,BRISAS DEL MAR SEAFOOD MARKET #2 CORP | BRISAS DEL MAR SEAFOOD MARKET,mini_chain
BRICIOLA,Briciola,2,1,BRICIOLA,mini_chain
BRETTS DELI,Brett's Deli,2,1,BRETT'S DELI,mini_chain
BRAVO AFRICAN RESTAURANT,Bravo African Restaurant,2,2,BRAVO AFRICAN RESTAURANT 2 | BRAVO AFRICAN RESTAURANT,mini_chain
BRASAS,Brasas,2,1,BRASAS,mini_chain
BRASA PERUVIAN KITCHEN,Brasa Peruvian Kitchen,2,1,BRASA PERUVIAN KITCHEN,mini_chain
BOWERY MEAT COMPANY,Bowery Meat Company,2,1,BOWERY MEAT COMPANY,mini_chain
BOURKE STREET BAKERY,Bourke Street Bakery,2,1,BOURKE STREET BAKERY,mini_chain
BOUCHERIE,Boucherie,2,1,BOUCHERIE,mini_chain
BOTTEGA,Bottega,2,1,BOTTEGA,mini_chain
SANPANINO,Sanpanino,2,1,SANPANINO,mini_chain
SANGRIA,Sangria,2,1,SANGRIA,mini_chain
SANDWICH SHOP,The Sandwich Shop,2,1,THE SANDWICH SHOP,mini_chain
SANDWICH BOARD,The Sandwich Board,2,1,THE SANDWICH BOARD,mini_chain
SANCTUARY,The Sanctuary,2,1,THE SANCTUARY,mini_chain
SAN WEI,San Wei,2,1,SAN WEI,mini_chain
SCHMACKARYS,Schmackary's,2,1,SCHMACKARY'S,mini_chain
SBARRO,Sbarro,2,1,SBARRO,mini_chain
SAXBYS,Saxbys,2,1,SAXBYS,mini_chain
SAVORY DELI,Savory Deli,2,1,SAVORY DELI LLC,mini_chain
SAVOR COFFEE AND MORE,Savor Coffee & More,2,2,SAVOR COFFEE & MORE | SAVOR COFFEE AND MORE,mini_chain
SAUTEED,Sauteed,2,1,SAUTEED,mini_chain
SAUCY WINGZ,Saucy Wingz,2,2,SAUCY WINGZ CORP. | SAUCY WINGZ,mini_chain
SAUCED,Sauced,2,1,SAUCED,mini_chain
SAUCE BOSS WINGS,Sauce Boss Wings,2,1,SAUCE BOSS WINGS,mini_chain
SARAVANA BHAVAN,Saravana Bhavan,2,1,SARAVANA BHAVAN,mini_chain
SAPPHIRE NY HOTEL OPCO,Sapphire Ny Hotel Opco Lp,2,1,SAPPHIRE NY HOTEL OPCO LP,mini_chain
SAPPHIRE,Sapphire,2,2,SAPPHIRE | SAPPHIRE 39,mini_chain
SANTO TACO,Santo Taco,2,1,SANTO TACO,mini_chain
SANTA CLAUS WORK SHOP POFFERTJETS,Santa Claus Work Shop / Poffertjets,2,2,SANTA CLAUS WORK SHOP / POFFERTJETS | SANTA CLAUS WORK SHOP /POFFERTJETS,mini_chain
SANTA ANA RESTAURANT,Santa Ana Restaurant,2,1,SANTA ANA RESTAURANT,mini_chain
BRONX BURGER,Bronx Burger Co.,2,1,BRONX BURGER CO.,mini_chain
SHANGHAI YOU GARDEN,Shanghai You Garden,2,1,SHANGHAI YOU GARDEN,mini_chain
BORA BORA SMOOTHIE CAFE SHEEL AND MASHI,Bora Bora Smoothie Cafe / Sheel & Mashi,2,1,BORA BORA SMOOTHIE CAFE / SHEEL & MASHI,mini_chain
BOOK CLUB BAR,Book Club Bar,2,2,Book Club Bar | BOOK CLUB BAR,mini_chain
BONJOUR BROOKLYN BAKERY,Bonjour Brooklyn Bakery,2,2,BONJOUR BROOKLYN BAKERY INC | BONJOUR BROOKLYN BAKERY,mini_chain
BONDST,Bondst,2,1,BONDST,mini_chain
BONA PIZZA,Bona Pizza,2,1,BONA PIZZA,mini_chain
BOIL,The Boil,2,1,THE BOIL,mini_chain
BOIIS,The Boiis Co,2,2,THE BOIIS CO LLC | THE BOIIS CO,mini_chain
SHANGHAI,Shanghai,2,2,SHANGHAI | SHANGHAI 21,mini_chain
SHAJI BBQ,Shaji Bbq,2,1,SHAJI BBQ,mini_chain
SHAHS EXPRESS CASTLE CHICKEN,Shah's Express / Castle Chicken,2,1,SHAH'S EXPRESS / CASTLE CHICKEN,mini_chain
SENZA GLUTEN,Senza Gluten,2,1,SENZA GLUTEN,mini_chain
SENDO,Sendo,2,1,SENDO,mini_chain
SEATTLE CAFE,Seattle Cafe,2,1,SEATTLE CAFE,mini_chain
SEAMORES,Seamore's,2,1,SEAMORE'S,mini_chain
SCREEN DOOR,The Screen Door,2,1,THE SCREEN DOOR,mini_chain
SISTERS,Sisters,2,1,SISTERS,mini_chain
SIPSTERIA,Sipsteria,2,1,SIPSTERIA,mini_chain
SIPPY CAFE,Sippy Cafe,2,1,SIPPY CAFE,mini_chain
SING SING KARAOKE,Sing Sing Karaoke,2,1,SING SING KARAOKE,mini_chain
SIMPLE PERUVIAN,Simple Peruvian,2,1,SIMPLE PERUVIAN,mini_chain
SIMPLE NEXT DOOR,Simple Next Door,2,1,SIMPLE NEXT DOOR,mini_chain
SIMPL,Simpl,2,1,SIMPL,mini_chain
SILVER RICE,Silver Rice,2,1,SILVER RICE,mini_chain
SILVANO,Silvano,2,2,SILVANO | Silvano,mini_chain
SIK GAEK,Sik Gaek,2,1,SIK GAEK,mini_chain
SIDEWALK CAFE,Sidewalk Cafe,2,1,SIDEWALK CAFE,mini_chain
SIAM THAI RESTAURANT,Siam Thai Restaurant,2,1,SIAM THAI RESTAURANT,mini_chain
SHOWROOM BAKEHOUSE,The Showroom Bakehouse,2,1,THE SHOWROOM BAKEHOUSE,mini_chain
SHOO LOONG KAN,Shoo Loong Kan,2,1,SHOO LOONG KAN,mini_chain
SHAXIAN DELICACIES,Shaxian Delicacies,2,1,SHAXIAN DELICACIES,mini_chain
SHAURMA FACTORY,Shaurma Factory,2,1,SHAURMA FACTORY,mini_chain
BOBA FRIES,Boba Fries,2,1,BOBA FRIES,mini_chain
BLVD,Blvd,2,2,THE BLVD | BLVD,mini_chain
BLUELINE FRY PLANTAIN,Blueline Fry Plantain,2,1,BLUELINE FRY PLANTAIN,mini_chain
BLUE RIBBON SUSHI BAR AND GRILL,Blue Ribbon Sushi Bar & Grill,2,1,BLUE RIBBON SUSHI BAR & GRILL,mini_chain
BLUE RIBBON SUSHI BAR,Blue Ribbon Sushi Bar,2,1,BLUE RIBBON SUSHI BAR,mini_chain
BLUE PARK KITCHEN,Blue Park Kitchen,2,1,BLUE PARK KITCHEN,mini_chain
BLUE COLLAR,Blue Collar,2,1,BLUE COLLAR,mini_chain
BLUE BLOSSOM,Blue Blossom,2,2,BLUE BLOSSOM | THE BLUE BLOSSOM,mini_chain
BLUE BAR,Blue Bar,2,2,BLUE  BAR | BLUE BAR,mini_chain
BLUE,Blue,2,1,BLUE,mini_chain
SMILE TO GO,Smile To Go,2,1,SMILE TO GO,mini_chain
SMASHA,Smasha,2,1,SMASHA,mini_chain
SLAP BURGER,Slap Burger,2,1,SLAP BURGER,mini_chain
SKYLINE LOUNGE,Skyline Lounge,2,1,SKYLINE LOUNGE,mini_chain
SKYLARK,Skylark,2,2,THE SKYLARK | SKYLARK,mini_chain
SIX HAPPINESS,Six Happiness,2,1,SIX HAPPINESS,mini_chain
SOUR LITTLE,Sour Little 7,2,1,SOUR LITTLE 7,mini_chain
SORATE,Sorate,2,1,SORATE,mini_chain
SOOTHR,Soothr,2,1,SOOTHR,mini_chain
SONNYBOY,Sonnyboy,2,1,SONNYBOY,mini_chain
SON DEL NORTH,Son Del North,2,1,SON DEL NORTH,mini_chain
SOMSSI,Somssi,2,1,SOMSSI,mini_chain
SOMETHINGREEK,Somethingreek,2,1,SOMETHINGREEK,mini_chain
SOM BO,Som Bo,2,1,SOM BO,mini_chain
SOLELY TEA,Solely Tea,2,1,SOLELY TEA,mini_chain
SOJOURN SOCIAL,Sojourn Social,2,1,SOJOURN SOCIAL,mini_chain
SOFIAS TAQUERIA,Sofia's Taqueria,2,1,SOFIA'S TAQUERIA,mini_chain
SOFIA,Sofia,2,1,SOFIA,mini_chain
SOCIETE GENERALE CAFETERIA,Societe Generale Cafeteria,2,1,SOCIETE GENERALE CAFETERIA,mini_chain
SMITH AND MILLS,Smith & Mills,2,1,SMITH & MILLS,mini_chain
BOBWHITE COUNTER,Bobwhite Counter,2,2,BOBWHITE COUNTER. | BOBWHITE COUNTER,mini_chain
BOBOS CRAB SHACK,Bobo's Crab Shack,2,1,BOBO'S CRAB SHACK,mini_chain
BLACK FOREST BROOKLYN,Black Forest Brooklyn,2,1,BLACK FOREST BROOKLYN,mini_chain
BLACK FLAMINGO,Black Flamingo,2,2,BLACK FLAMINGO | THE BLACK FLAMINGO,mini_chain
BLACK BULL,The Black Bull,2,1,THE BLACK BULL,mini_chain
BKLYN CATERERS,Bklyn Caterers,2,2,BKLYN CATERERS LLC | BKLYN CATERERS,mini_chain
BK TACO FACTORY,Bk Taco Factory,2,2,BK TACO FACTORY | BK TACO FACTORY # 2,mini_chain
BK PIZZA,Bk Pizza,2,2,BK PIZZA | BK PIZZA 1,mini_chain
SPOT CAFE,The Spot Cafe,2,1,THE SPOT CAFE,mini_chain
SPOONS,Spoons,2,1,SPOONS,mini_chain
SPICY VILLAGE,Spicy Village,2,1,SPICY VILLAGE,mini_chain
SPICY MOON VEGETARIAN SZECHUAN,Spicy Moon Vegetarian Szechuan,2,1,SPICY MOON VEGETARIAN SZECHUAN,mini_chain
SPICY MOON,Spicy Moon,2,1,SPICY MOON,mini_chain
SPICE SYMPHONY,Spice Symphony,2,1,SPICE SYMPHONY,mini_chain
SPICE AND GRILL,Spice & Grill,2,1,SPICE & GRILL,mini_chain
SPICE,Spice,2,1,SPICE,mini_chain
SPANGLISH,Spanglish,2,1,SPANGLISH,mini_chain
SOUTH OF THE CLOUDS,South Of The Clouds,2,1,SOUTH OF THE CLOUDS,mini_chain
STUDIO,Studio 151,2,2,STUDIO 59 | STUDIO 151,mini_chain
STRIP HOUSE,Strip House,2,1,STRIP HOUSE,mini_chain
STREET VEGAN,Street Vegan,2,1,STREET VEGAN LLC,mini_chain
STK STEAKHOUSE,Stk Steakhouse,2,1,STK STEAKHOUSE,mini_chain
STARZ COFFEE CAFE,Starz Coffee Cafe,2,1,STARZ COFFEE CAFE,mini_chain
ST KILDA COFFEE,St Kilda Coffee,2,1,ST KILDA COFFEE,mini_chain
SSAM,Ssam,2,2,THE SSAM | SSAM,mini_chain
SQUARESPACE,Squarespace,2,1,SQUARESPACE,mini_chain
SPUNTO,Spunto,2,1,SPUNTO,mini_chain
SPRINKLES,Sprinkles,2,1,SPRINKLES,mini_chain
SPRING,Spring,2,1,SPRING,mini_chain
BLIMPIE,Blimpie,2,1,BLIMPIE,mini_chain
BLAKE AND TODD,Blake & Todd,2,2,BLAKE & TODD | BLAKE AND TODD,mini_chain
BLACK PRESS COFFEE,Black Press Coffee,2,1,BLACK PRESS COFFEE,mini_chain
BLACK IRON BURGER,Black Iron Burger,2,1,BLACK IRON BURGER,mini_chain
BLACK IRIS,Black Iris,2,1,BLACK IRIS,mini_chain
SUNDAY MORNING,Sunday Morning,2,1,SUNDAY MORNING,mini_chain
BITE,Bite,2,1,BITE,mini_chain
BIRD AND BRANCH,Bird & Branch,2,1,BIRD & BRANCH,mini_chain
BIN,Bin 141,2,2,BIN 71 | BIN 141,mini_chain
BIGWELL BAKERY AND HALAL RESTAURANT,Bigwell Bakery & Halal Restaurant 2,2,2,BIGWELL BAKERY AND HALAL RESTAURANT | BIGWELL BAKERY & HALAL RESTAURANT 2,mini_chain
BIG WONG,Big Wong,2,1,BIG WONG,mini_chain
BIDDYS PUB,Biddy's Pub,2,2,BIDDYS PUB | BIDDY'S PUB,mini_chain
BIBBLE AND SIP,Bibble & Sip,2,2,BIBBLE & SIP | BIBBLE AND SIP,mini_chain
SUNDAES BEST,Sundaes Best,2,1,SUNDAES BEST,mini_chain
SUN HING RESTAURANT,Sun Hing Restaurant,2,1,SUN HING RESTAURANT,mini_chain
SUN DAO,Sun Dao 777,2,2,SUN DAO 999 INC | SUN DAO 777,mini_chain
SUMMER SALT,Summer Salt,2,1,SUMMER SALT,mini_chain
SUKA SUSHI,Suka Sushi,2,1,SUKA SUSHI,mini_chain
SUITE PANTRY SUITE,Suite Pantry Suite 30,2,2,SUITE PANTRY SUITE 30 | SUITE PANTRY SUITE 4,mini_chain
SUGAR SWEET SUNSHINE,Sugar Sweet Sunshine,2,1,SUGAR SWEET SUNSHINE,mini_chain
STUMPTOWN COFFEE ROASTERS,Stumptown Coffee Roasters,2,1,STUMPTOWN COFFEE ROASTERS,mini_chain
BEST COFFEE SHOP,Best Coffee Shop,2,1,BEST COFFEE SHOP,mini_chain
BERRY PARK,Berry Park,2,1,BERRY PARK,mini_chain
BELLEROSE FAMOUS PIZZA,Bellerose Famous Pizza,2,1,BELLEROSE FAMOUS PIZZA,mini_chain
BEL AMI,Bel Ami,2,1,BEL AMI,mini_chain
BEER GARAGE,The Beer Garage,2,1,THE BEER GARAGE,mini_chain
BEEF UP NOODLE,Beef Up Noodle,2,2,BEEF UP NOODLE | BEEF UP NOODLE 2,mini_chain
BEBE FRITAY,Bebe Fritay,2,1,BEBE FRITAY,mini_chain
BEANS AND VINES EXPRESS,Beans And Vines Express,2,1,BEANS AND VINES EXPRESS,mini_chain
BEAN AND BEAN COFFEE,Bean & Bean Coffee,2,1,BEAN & BEAN COFFEE,mini_chain
BEAN,The Bean,2,1,THE BEAN,mini_chain
SUSHI FUSSION,Sushi Fussion,2,1,SUSHI FUSSION,mini_chain
SUSHI BY BOU,Sushi By Bou,2,1,SUSHI BY BOU,mini_chain
SURAM,Suram,2,1,SURAM,mini_chain
SUNSET BAGELS,Sunset Bagels,2,1,SUNSET BAGELS,mini_chain
SUNRISE,Sunrise,2,1,SUNRISE,mini_chain
SUNLIFE ORGANICS,Sunlife Organics,2,1,SUNLIFE ORGANICS,mini_chain
SWEET TOOTH,Sweet Tooth,2,1,SWEET TOOTH,mini_chain
SWEET MOMENT,Sweet Moment,2,1,SWEET MOMENT,mini_chain
SWEET EXPRESSIONS,Sweet Expressions,2,1,SWEET EXPRESSIONS,mini_chain
SWEET AND FAVORITE CAKE SHOP,Sweet & Favorite Cake Shop,2,1,SWEET & FAVORITE CAKE SHOP,mini_chain
SVL BAR,Svl Bar,2,1,SVL BAR,mini_chain
SUSHI TOKORO,Sushi Tokoro,2,1,SUSHI TOKORO,mini_chain
SUSHI TAEEM,Sushi Ta'eem,2,1,SUSHI TA'EEM,mini_chain
SUSHI ON ME,Sushi On Me,2,1,SUSHI ON ME,mini_chain
SUSHI ON JONES,Sushi On Jones,2,1,SUSHI ON JONES,mini_chain
SUSHI OF GARI,Sushi Of Gari,2,2,SUSHI OF GARI | SUSHI OF GARI 46,mini_chain
SUSHI NOON,Sushi Noon,2,1,SUSHI NOON,mini_chain
SUSHI KING,Sushi King,2,1,SUSHI KING,mini_chain
SUSHI KAI,Sushi Kai,2,1,SUSHI KAI,mini_chain
SUSHI ISHIKAWA,Sushi Ishikawa,2,1,SUSHI ISHIKAWA,mini_chain
SUSHI GINZA,Sushi Ginza,2,1,SUSHI GINZA,mini_chain
BEST ITALIAN PIZZA,Best Italian Pizza,2,2,BEST ITALIAN PIZZA | THE BEST ITALIAN PIZZA,mini_chain
TACO INN,Taco Inn,2,1,TACO INN,mini_chain
TACO EXPRESS,Taco Express,2,1,TACO EXPRESS,mini_chain
BB JUICE BAR,Bb Juice Bar,2,1,BB JUICE BAR,mini_chain
BAYHOUSE,Bayhouse,2,2,THE BAYHOUSE | BAYHOUSE,mini_chain
BARRIO BX,Barrio Bx,2,1,BARRIO BX,mini_chain
BARN JOO,Barn Joo,2,2,BARN JOO 35 | BARN JOO,mini_chain
BARK BARBECUE,Bark Barbecue,2,1,BARK BARBECUE,mini_chain
BARAWINE,Barawine,2,1,BARAWINE,mini_chain
BARACHOU,Barachou,2,1,BARACHOU,mini_chain
TABU,Tabu,2,1,TABU,mini_chain
TABOONETTE,Taboonette,2,1,TABOONETTE,mini_chain
TABLETIME,Tabletime,2,1,TABLETIME,mini_chain
SZECHUAN KITCHEN,Szechuan Kitchen,2,1,SZECHUAN KITCHEN,mini_chain
SYBILS BAKERY,Sybil's Bakery,2,1,SYBIL'S BAKERY,mini_chain
SWEETEA,Sweetea,2,1,SWEETEA,mini_chain
SWEETBEE COFFEE,Sweetbee Coffee,2,1,SWEETBEE COFFEE,mini_chain
TALKIN TACOS,Talkin Tacos,2,2,TALKIN' TACOS | TALKIN TACOS,mini_chain
TAIYAKI NYC,Taiyaki Nyc,2,1,TAIYAKI NYC,mini_chain
BAR PISELLINO,Bar Pisellino,2,1,BAR PISELLINO,mini_chain
BAO BY KAYA,Bao By Kaya,2,1,BAO BY KAYA,mini_chain
BANH MI UT,Banh Mi Co Ut,2,2,BANH MI CO UT | BANH MI CO UT 2,mini_chain
BANH MI CAFE,Banh Mi Cafe,2,1,BANH MI CAFE,mini_chain
BANGIA,Bangia,2,1,BANGIA,mini_chain
BAMBOO TROPICAL,Bamboo Tropical,2,1,BAMBOO TROPICAL,mini_chain
BAKER WAH,Baker Wah,2,1,BAKER WAH,mini_chain
BAKER FALLS,Baker Falls,2,1,BAKER FALLS,mini_chain
BAKELICIOUS BY CHEF MANNY,Bakelicious By Chef Manny,2,2,BAKELICIOUS BY CHEF MANNY INC | BAKELICIOUS BY CHEF MANNY INC.,mini_chain
TACOS MEXICO,Tacos Mexico,2,1,TACOS MEXICO,mini_chain
TACOS DEL BARRIO,Tacos Del Barrio,2,1,TACOS DEL BARRIO,mini_chain
TACOS CANO,Tacos Cano,2,1,TACOS CANO,mini_chain
TACOS AL SUADERO,Tacos Al Suadero,2,1,TACOS AL SUADERO,mini_chain
TACOBEES,Tacobees,2,1,TACOBEES,mini_chain
TE COMPANY,Te Company,2,1,TE COMPANY,mini_chain
TAVERNA KYCLADES,Taverna Kyclades,2,1,TAVERNA KYCLADES,mini_chain
TAVERN,Tavern 157,2,2,TAVERN 29 | TAVERN 157,mini_chain
TATTE BAKERY AND CAFE,Tatte Bakery & Cafe,2,1,TATTE BAKERY & CAFE,mini_chain
TASTY DELICIOUS WEST INDIAN BAKERY AND RESTAURANT,Tasty Delicious West Indian Bakery & Restaurant,2,2,TASTY DELICIOUS WEST INDIAN BAKERY & RESTAURANT | TASTY DELICIOUS WEST INDIAN BAKERY& RESTAURANT,mini_chain
TASTY BITES,Tasty Bites,2,1,TASTY BITES,mini_chain
TASTE OF CANTON,Taste Of Canton,2,1,TASTE OF CANTON,mini_chain
TASTE GOOD,Taste Good,2,1,TASTE GOOD,mini_chain
TAQUITOS MEXICO RESTAURANT,Taquitos Mexico Restaurant,2,1,TAQUITOS MEXICO RESTAURANT,mini_chain
TAQUERIA SAN LUCAS,Taqueria San Lucas,2,1,TAQUERIA SAN LUCAS,mini_chain
TAQUERIA EL GALLO AZTECA,Taqueria El Gallo Azteca,2,1,TAQUERIA EL GALLO AZTECA,mini_chain
TAQUERIA EL CHATO,Taqueria El Chato,2,1,TAQUERIA EL CHATO,mini_chain
TAQUERIA CHILA,Taqueria Chila,2,1,TAQUERIA CHILA,mini_chain
TANDOORI PIZZA,Tandoori Pizza,2,1,TANDOORI PIZZA,mini_chain
TAMASHII RAMEN,Tamashii Ramen,2,1,TAMASHII RAMEN,mini_chain
TAMAL EXPRESS,Tamal Express,2,2,TAMAL EXPRESS CORP | TAMAL EXPRESS,mini_chain
TEA BAR,Tea Bar,2,2,TEA BAR 66 INC. | TEA BAR,mini_chain
TEA ART,Tea Art,2,2,TEA ART CORP | TEA ART,mini_chain
BAKE AND THINGS RESTAURANT,Bake & Things Restaurant,2,2,BAKE AND THINGS RESTAURANT | BAKE & THINGS RESTAURANT,mini_chain
BAGELSMITH,Bagelsmith,2,1,BAGELSMITH,mini_chain
BAGELS AND CREAM,Bagels And Cream,2,1,BAGELS AND CREAM,mini_chain
BAGELS AND,Bagels & Co,2,1,BAGELS & CO,mini_chain
BAGEL WORLD,Bagel World,2,1,BAGEL WORLD,mini_chain
BAGEL JOINT,Bagel Joint,2,1,BAGEL JOINT,mini_chain
BAGEL HOUSE,Bagel House,2,1,BAGEL HOUSE,mini_chain
BAGEL CLUB,Bagel Club,2,1,BAGEL CLUB,mini_chain
BACI,Baci,2,1,BACI,mini_chain
BACCARAT CLUB,Baccarat Club,2,2,Baccarat Club | BACCARAT CLUB,mini_chain
BABKA BAILOUT,Babka Bailout,2,2,BABKA BAILOUT LLC | BABKA BAILOUT,mini_chain
BABAS PIEROGIES,Baba's Pierogies,2,2,BABAS PIEROGIES | BABA'S PIEROGIES,mini_chain
B AND B BAGELS,B & B Bagels,2,1,B & B BAGELS,mini_chain
TEA AND MILK,Tea And Milk,2,1,TEA AND MILK,mini_chain
AVOCADERIA,Avocaderia,2,1,AVOCADERIA,mini_chain
AVO,Avo,2,1,AVO,mini_chain
AVENUE,The Avenue,2,1,THE AVENUE,mini_chain
AUX MERVEILLEUX DE FRED,Aux Merveilleux De Fred,2,1,AUX MERVEILLEUX DE FRED,mini_chain
AUNTIE ANNES PRETZEL CINNABON,Auntie Anne's Pretzel / Cinnabon,2,2,AUNTIE ANNE'S PRETZEL / CINNABON | AUNTIE ANNE'S PRETZEL/CINNABON,mini_chain
AUNTIE ANNES CARVEL,Auntie Anne's / Carvel,2,1,AUNTIE ANNE'S / CARVEL,mini_chain
TEPPAN TERRITORY,Teppan Territory,2,1,TEPPAN TERRITORY,mini_chain
TENZAN,Tenzan,2,1,TENZAN,mini_chain
TENG DRAGON,Teng Dragon,2,1,TENG DRAGON,mini_chain
TEN THOUSAND,Ten Thousand,2,1,TEN THOUSAND,mini_chain
TEN SECONDS YUNNAN RICE NOODLES,Ten Seconds Yunnan Rice Noodles,2,1,TEN SECONDS YUNNAN RICE NOODLES,mini_chain
TEN SECONDS,Ten Seconds,2,1,TEN SECONDS,mini_chain
TEN BELLS,The Ten Bells,2,1,THE TEN BELLS,mini_chain
TEMAKASE,Temakase,2,1,TEMAKASE,mini_chain
TEAMAKERS,Teamakers,2,1,TEAMAKERS,mini_chain
TEABYDO,Teabydo,2,1,TEABYDO,mini_chain
TIPSY SHANGHAI,Tipsy Shanghai,2,1,TIPSY SHANGHAI,mini_chain
TIPPLER,The Tippler,2,1,THE TIPPLER,mini_chain
TIM HO WAN,Tim Ho Wan,2,2,TIM HO WAN INC | TIM HO WAN,mini_chain
TIKKA INDIAN GRILL,Tikka Indian Grill,2,1,TIKKA INDIAN GRILL,mini_chain
THREE MONKEYS,The Three Monkeys,2,1,THE THREE MONKEYS,mini_chain
THANK YOU COME AGAIN,Thank You Come Again,2,2,"THANK YOU COME AGAIN | THANK YOU, COME AGAIN",mini_chain
THAI SOCIAL,Thai Social,2,2,THAI SOCIAL | Thai Social,mini_chain
THAI HOT BOX,Thai Hot Box,2,1,THAI HOT BOX,mini_chain
TFS BURGER WORKS,Tfs Burger Works,2,1,TFS BURGER WORKS,mini_chain
TERRACE,Terrace,2,2,THE TERRACE | TERRACE,mini_chain
TERRA,Terra,2,1,TERRA,mini_chain
TERIYAKI AND SUSHI,Teriyaki & Sushi,2,1,TERIYAKI & SUSHI,mini_chain
TERIYAKI,Teriyaki 365,2,2,TERIYAKI 99 | TERIYAKI 365,mini_chain
AZOGUENITA BAKERY AND RESTAURANT,Azoguenita Bakery & Restaurant,2,1,AZOGUENITA BAKERY & RESTAURANT,mini_chain
AYADA,Ayada,2,1,AYADA,mini_chain
AWASH ETHIOPIAN RESTAURANT,Awash Ethiopian Restaurant,2,1,AWASH ETHIOPIAN RESTAURANT,mini_chain
TONG,Tong,2,1,TONG,mini_chain
AUNTEA JENNY,Auntea Jenny,2,1,AUNTEA JENNY,mini_chain
AU ZAATAR,Au Za'atar,2,1,AU ZA'ATAR,mini_chain
ATTIC,The Attic,2,1,THE ATTIC,mini_chain
ASIAN TASTE,Asian Taste,2,2,ASIAN TASTE 86 | ASIAN TASTE,mini_chain
ASIAN STREET GOURMET,Asian Street Gourmet,2,1,ASIAN STREET GOURMET,mini_chain
ASIAN BOWL,Asian Bowl,2,1,ASIAN BOWL,mini_chain
ASIA KITCHEN,Asia Kitchen,2,1,ASIA KITCHEN,mini_chain
ASIA HARBOR,Asia Harbor,2,1,ASIA HARBOR,mini_chain
ASADERO LA FOGATA,Asadero La Fogata,2,1,ASADERO LA FOGATA,mini_chain
ARTUROS,Arturo's,2,1,ARTURO'S,mini_chain
TOLOACHE,Toloache,2,1,TOLOACHE,mini_chain
TOBYS ESTATE,Toby's Estate,2,1,TOBY'S ESTATE,mini_chain
TOASTIES,Toasties,2,1,TOASTIES,mini_chain
TJ ASIAN BISTRO,Tj Asian Bistro,2,1,TJ ASIAN BISTRO,mini_chain
TITIS EMPANADAS,Titi's Empanadas,2,1,TITI'S EMPANADAS,mini_chain
TROPICAL RESTAURANT,Tropical Restaurant,2,1,TROPICAL RESTAURANT,mini_chain
TROPICAL JERK,Tropical Jerk,2,1,TROPICAL JERK,mini_chain
TRES EMPANADAS NYC,Tres Empanadas Nyc,2,2,"TRES EMPANADAS NYC LLC | TRES EMPANADAS NYC, LLC",mini_chain
TRADITAS PIZZA,Traditas Pizza,2,1,TRADITAS PIZZA,mini_chain
TRADISYON,Tradisyon,2,1,TRADISYON,mini_chain
TRACKS RAW BAR AND GRILL,Tracks Raw Bar & Grill,2,2,Tracks Raw Bar & Grill | TRACKS RAW BAR & GRILL,mini_chain
TP TEA,Tp Tea,2,1,TP TEA,mini_chain
TOZTON,Tozton,2,1,TOZTON,mini_chain
TOYAMA CUISINE,Toyama Cuisine,2,1,TOYAMA CUISINE,mini_chain
TOWERS CAFE,Towers Cafe,2,1,TOWERS CAFE,mini_chain
TORNADO CREPES,Tornado Crepes,2,1,TORNADO CREPES,mini_chain
TORAJI,Toraji,2,1,TORAJI,mini_chain
TOP THAI,Top Thai,2,1,TOP THAI,mini_chain
TOP ONE NOODLE,Top One Noodle,2,2,TOP ONE NOODLE INC. | TOP ONE NOODLE,mini_chain
TOP NOTCH SUSHI,Top Notch Sushi,2,2,top notch sushi | TOP NOTCH SUSHI,mini_chain
TONYS DI NAPOLI,Tony's Di Napoli,2,1,TONY'S DI NAPOLI,mini_chain
TWO PERRYS,Two Perrys,2,1,TWO PERRYS,mini_chain
TWO BOOTS PIZZA,Two Boots Pizza,2,1,TWO BOOTS PIZZA,mini_chain
ARTISAN,Artisan,2,1,ARTISAN,mini_chain
ARS NOVA THEATER,Ars Nova Theater,2,1,ARS NOVA THEATER,mini_chain
AROQA,Aroqa,2,1,AROQA,mini_chain
AROMA COFFEE SHOP,Aroma Coffee Shop,2,1,AROMA COFFEE SHOP,mini_chain
AREPA LADY,Arepa Lady,2,1,AREPA LADY,mini_chain
ARBYS,Arby's,2,1,ARBY'S,mini_chain
ARAMARK SPORTS AND ENTERTAINMENT,Aramark Sports & Entertainment,2,1,ARAMARK SPORTS & ENTERTAINMENT LLC,mini_chain
ARABICA COFFEE,Arabica Coffee,2,1,ARABICA COFFEE,mini_chain
ARABICA,% Arabica,2,2,% ARABICA | % Arabica,mini_chain
TWISTED SPINE,The Twisted Spine,2,1,THE TWISTED SPINE,mini_chain
TWIGM,Twig'm,2,1,TWIG'M,mini_chain
TULCINGO BAKERY,Tulcingo Bakery,2,1,TULCINGO BAKERY,mini_chain
TRUE BURGER,True Burger,2,1,TRUE BURGER,mini_chain
TROPICAL TASTE RESTAURANT AND BAKERY,Tropical Taste Restaurant & Bakery,2,2,TROPICAL TASTE RESTAURANT AND BAKERY | TROPICAL TASTE RESTAURANT & BAKERY,mini_chain
UNO PIZZERIA AND GRILL,Uno Pizzeria & Grill,2,1,UNO PIZZERIA & GRILL,mini_chain
UNO CHICAGO GRILL,Uno Chicago Grill,2,1,UNO CHICAGO GRILL,mini_chain
APPLEBEES NEIGHBORHOOD BAR AND GRILL,Applebees Neighborhood Bar & Grill,2,1,APPLEBEES NEIGHBORHOOD BAR & GRILL,mini_chain
ANTS COFFEE,Ants Coffee,2,1,ANTS COFFEE,mini_chain
ANTOJITOS MEXICANOS,Antojitos Mexicanos,2,1,ANTOJITOS MEXICANOS,mini_chain
ANTOJITOS BK,Antojitos Bk,2,1,ANTOJITOS BK,mini_chain
ANIMO,Animo,2,2,ANIMO | ANIMO!,mini_chain
ANGELOS PIZZERIA,Angelo's Pizzeria,2,2,ANGELO'S PIZZERIA | ANGELOS PIZZERIA,mini_chain
ANDREAS CUCINA,Andrea's Cucina,2,1,ANDREA'S CUCINA,mini_chain
ANDO PATISSERIE,Ando Patisserie,2,1,ANDO PATISSERIE,mini_chain
UNION BANK OF SWITZERLAND,Union Bank Of Switzerland,2,1,UNION BANK OF SWITZERLAND,mini_chain
UNICARE ADULT DAYCARE,Unicare Adult Daycare,2,2,"UNICARE ADULT DAYCARE, INC. | UNICARE ADULT DAYCARE INC.",mini_chain
UNDERGROUND LOUNGE,Underground Lounge,2,1,UNDERGROUND LOUNGE,mini_chain
UNCLE JACKS STEAKHOUSE,Uncle Jack's Steakhouse,2,1,UNCLE JACK'S STEAKHOUSE,mini_chain
UMI HOTPOT SUSHI AND SEAFOOD BUFFET,Umi Hotpot Sushi & Seafood Buffet,2,1,UMI HOTPOT SUSHI & SEAFOOD BUFFET,mini_chain
UME,Ume,2,1,UME,mini_chain
VATAN,Vatan,2,1,VATAN,mini_chain
VARA JUICE,Vara Juice,2,1,VARA JUICE,mini_chain
VANILLA GORILLA CAFE,Vanilla Gorilla Cafe,2,1,VANILLA GORILLA CAFE,mini_chain
VANILLA CAFE,Vanilla Cafe,2,1,VANILLA CAFE,mini_chain
VAN DA,Van Da,2,1,VAN DA,mini_chain
VALENTINOS,Valentino's,2,1,VALENTINO'S,mini_chain
VALDARI,Valdari,2,1,VALDARI,mini_chain
UTSHOB,Utshob,2,1,UTSHOB,mini_chain
USULUTECO,Usuluteco,2,2,USULUTECO | USULUTECO 2,mini_chain
USE LI F AND B MANAGEMENT,Use Li F&b Management,2,1,"USE LI F&B MANAGEMENT, LLC",mini_chain
US FRIED CHICKEN,Us Fried Chicken,2,1,US FRIED CHICKEN,mini_chain
URBAN BACKYARD,Urban Backyard,2,1,URBAN BACKYARD,mini_chain
UPTOWN WINGZ,Uptown Wingz,2,1,UPTOWN WINGZ,mini_chain
UPTACO,Uptaco,2,1,UPTACO,mini_chain
UPSIDE,The Upside,2,2,UPSIDE | THE UPSIDE,mini_chain
UNREGULAR PIZZA,Unregular Pizza,2,1,UNREGULAR PIZZA,mini_chain
VINCENTS,Vincent's,2,1,VINCENT'S,mini_chain
ANASSA TAVERNA,Anassa Taverna,2,1,ANASSA TAVERNA,mini_chain
AMORE CAFFE,A'more Caffe,2,1,A'MORE CAFFE,mini_chain
AMITY HALL,Amity Hall,2,1,AMITY HALL,mini_chain
AMG HRP QUICKSERVE,Amg Hrp Quickserve,2,1,AMG HRP QUICKSERVE LLC,mini_chain
AMBROSINOS PIZZERIA,Ambrosino's Pizzeria,2,2,AMBROSINO'S PIZZERIA | AMBROSINOS PIZZERIA,mini_chain
ALLORA,Allora,2,1,ALLORA,mini_chain
ALLANS BAKERY,Allan's Bakery,2,1,ALLAN'S BAKERY,mini_chain
ALL BLUES,All Blues,2,1,ALL BLUES,mini_chain
ALISON,Alison,2,1,ALISON,mini_chain
VILLAGE CREPERIE,Village Creperie,2,1,VILLAGE CREPERIE,mini_chain
VESUVIO BAKERY,Vesuvio Bakery,2,1,VESUVIO BAKERY,mini_chain
VESELKA,Veselka,2,1,VESELKA,mini_chain
VERY JUICE,Very Juice,2,1,VERY JUICE,mini_chain
VERONA PIZZA,Verona Pizza,2,1,VERONA PIZZA,mini_chain
VEGAN GRILL,Vegan Grill,2,1,VEGAN GRILL,mini_chain
WHITE MAIZE,White Maize,2,1,WHITE MAIZE,mini_chain
WHITE HORSE TAVERN,White Horse Tavern,2,1,WHITE HORSE TAVERN,mini_chain
WEATHER UP,Weather Up,2,1,WEATHER UP,mini_chain
WAYNE AND SONS,Wayne & Sons,2,1,WAYNE & SONS,mini_chain
WATS ON YOUR PLATE,Wat's On Your Plate,2,2,WAT'S ON YOUR PLATE 2 | WAT'S ON YOUR PLATE,mini_chain
WATER AND WHEAT,Water & Wheat,2,1,WATER & WHEAT,mini_chain
WASABI SUSHI BENTO,Wasabi Sushi Bento,2,1,WASABI SUSHI BENTO,mini_chain
WARUDE,Warude,2,1,WARUDE,mini_chain
WARIQUE,Warique,2,1,WARIQUE,mini_chain
VIVIBOWL,Vivibowl,2,1,VIVIBOWL,mini_chain
VIVE LA CREPE,Vive La Crepe,2,1,VIVE LA CREPE,mini_chain
VIVA LA PIZZA,Viva La Pizza,2,1,VIVA LA PIZZA,mini_chain
VIRTUAL CRAVINGS,Virtual Cravings,2,1,VIRTUAL CRAVINGS,mini_chain
VIP KINGS BAKERY,Vip Kings Bakery,2,1,VIP KINGS BAKERY,mini_chain
VINNYS GLUTEN FREE KITCHEN,Vinny's Gluten Free Kitchen,2,2,VINNY'S GLUTEN FREE KITCHEN | Vinny's gluten free kitchen,mini_chain
VINNIES PIZZERIA,Vinnie's Pizzeria,2,1,VINNIE'S PIZZERIA,mini_chain
ALIS ROTI SHOP,Ali's Roti Shop,2,1,ALI'S ROTI SHOP,mini_chain
ALFONSOS PASTRY SHOPPE,Alfonso's Pastry Shoppe,2,1,ALFONSO'S PASTRY SHOPPE,mini_chain
AL SHAM RESTAURANT,Al Sham Restaurant,2,2,AL-SHAM RESTAURANT | AL SHAM RESTAURANT,mini_chain
AL BADAWI,Al Badawi,2,1,AL BADAWI,mini_chain
AL AQSA RESTAURANT,Al-aqsa Restaurant,2,1,AL-AQSA RESTAURANT,mini_chain
AKIMORI,Akimori,2,1,AKIMORI,mini_chain
AJO AND OREGANO RESTAURANT,Ajo & Oregano Restaurant,2,1,AJO & OREGANO RESTAURANT,mini_chain
AJISEN RAMEN,Ajisen Ramen,2,1,AJISEN RAMEN,mini_chain
AFGHAN KEBAB HOUSE,Afghan Kebab House,2,1,AFGHAN KEBAB HOUSE,mini_chain
ADYAR ANANDA BHAVAN,Adyar Ananda Bhavan,2,1,ADYAR ANANDA BHAVAN,mini_chain
ADDEOS OF THE BRONX,Addeo's Of The Bronx,2,2,ADDEOS OF THE BRONX | ADDEO'S OF THE BRONX,mini_chain
ADDA,Adda,2,1,ADDA,mini_chain
WILDFLOWER,Wildflower,2,1,WILDFLOWER,mini_chain
WILD,Wild,2,1,WILD,mini_chain
WHITMANS,Whitman's,2,2,WHITMAN'S | WHITMANS,mini_chain
WHITE NOISE GROUP,White Noise Group,2,1,WHITE NOISE GROUP INC.,mini_chain
YAKINIKU GEN,Yakiniku Gen,2,1,YAKINIKU GEN,mini_chain
YAH SUH NYCE,Yah Suh Nyce,2,2,YAH SUH NYCE INC | YAH SUH NYCE,mini_chain
YAFA CAFE,Yafa Cafe,2,1,YAFA CAFE,mini_chain
XOCHITL TAQUERIA,Xochitl Taqueria,2,1,XOCHITL TAQUERIA,mini_chain
WORLD ICE CAFE,World Ice Cafe,2,2,WORLD ICE CAFE LLC | WORLD ICE CAFE,mini_chain
WOOPS MACARONS,Woops Macarons,2,1,WOOPS MACARONS,mini_chain
WOOGA,Wooga,2,1,WOOGA,mini_chain
WOODSIDE CAFE,Woodside Cafe,2,1,WOODSIDE CAFE,mini_chain
WOK WOK RESTAURANT,Wok Wok Restaurant,2,1,WOK WOK RESTAURANT,mini_chain
WITCHING HOUR,Witching Hour,2,2,WITCHING HOUR LLC | WITCHING HOUR,mini_chain
WING WORLD,Wing World,2,2,Wing World | WING WORLD,mini_chain
WING WAH,Wing Wah,2,1,WING WAH,mini_chain
WIN SON BAKERY,Win Son Bakery,2,1,WIN SON BAKERY,mini_chain
WIN HING,Win Hing,2,1,WIN HING,mini_chain
WIMPYS RESTAURANT,Wimpy's Restaurant,2,1,WIMPY'S RESTAURANT,mini_chain
WILLIAM GREENBERG DESSERTS,William Greenberg Desserts,2,1,WILLIAM GREENBERG DESSERTS,mini_chain
44 AND X,44 & X,2,1,44 & X,mini_chain
ZUMA NEW YORK,Zuma New York,2,1,ZUMA NEW YORK,mini_chain
1 PIZZA,$1 Pizza,2,1,$1 PIZZA,mini_chain
YUMMY KITCHEN,Yummy Kitchen,2,2,YUMMY KITCHEN | Yummy Kitchen,mini_chain
YUMMY DIPS,Yummy Dips,2,1,YUMMY DIPS,mini_chain
YUMMY CHINESE RESTAURANT,Yummy Chinese Restaurant,2,1,YUMMY CHINESE RESTAURANT,mini_chain
YUMMY BOBA AND DESSERTS,Yummy Boba & Desserts,2,2,YUMMY BOBA & DESSERTS | YUMMY BOBA AND DESSERTS,mini_chain
YUANYANG,Yuanyang,2,1,YUANYANG,mini_chain
YUAN BAO,Yuan Bao 50,2,2,YUAN BAO 50 | YUAN BAO 55,mini_chain
YU HSUN LIN,Yu Hsun Lin,2,1,YU HSUN LIN,mini_chain
YSO SUSHI,Yso Sushi,2,1,YSO SUSHI,mini_chain
YOZI,Yozi,2,1,YOZI,mini_chain
YOSWEETS,Yosweets,2,1,YOSWEETS,mini_chain
YOSUKI SUSHI,Yosuki Sushi,2,2,YOSUKI SUSHI CORP. | YOSUKI SUSHI,mini_chain
YOMIES RICE X YOGURT,Yomie's Rice X Yogurt,2,2,YOMIE'S RICE x YOGURT | YOMIE'S RICE X YOGURT,mini_chain
YOGURT CITY,Yogurt City,2,1,YOGURT CITY,mini_chain
GUACADO,Guacado,2,1,GUACADO,mini_chain
GS CHEESESTEAKS,G's Cheesesteaks,2,1,G'S CHEESESTEAKS,mini_chain
GROUND CENTRAL,Ground Central,2,1,GROUND CENTRAL,mini_chain
ZONE,The Zone 2,2,1,THE ZONE 2,mini_chain
ZIZI WINE BAR,Zizi Wine Bar,2,1,ZIZI WINE BAR,mini_chain
ZIYAN CHICKEN,Ziyan Chicken,2,1,ZIYAN CHICKEN,mini_chain
ZIGGLE,Ziggle,2,1,ZIGGLE,mini_chain
ZIBETTO ESPRESSO BAR,Zibetto Espresso Bar,2,1,ZIBETTO ESPRESSO BAR,mini_chain
ZHONG ZHONG NOODLES,Zhong Zhong Noodles,2,1,ZHONG ZHONG NOODLES,mini_chain
ZAMZAM HALAL,Zamzam Halal,2,2,Zamzam Halal | ZAMZAM HALAL,mini_chain
YUZU SUSHI,Yuzu Sushi,2,1,YUZU SUSHI,mini_chain
YUNNAN RICE NOODLE HOUSE,Yunnan Rice Noodle House,2,1,YUNNAN RICE NOODLE HOUSE,mini_chain
YUMPLING,Yumpling,2,1,YUMPLING,mini_chain
YUMMY YUMMY,Yummy Yummy,2,1,YUMMY YUMMY,mini_chain
7 GRAMS CAFFE,7 Grams Caffe,2,1,7 GRAMS CAFFE,mini_chain
66 AND 11 CORNER KITCHEN,66 & 11 Corner Kitchen,2,2,66 & 11 CORNER KITCHEN INC. | 66 & 11 CORNER KITCHEN,mini_chain
